year,city,energy_type,generation_mwh,capacity_kw,efficiency_pct,solar_radiation_mj,avg_wind_speed,max_wind_speed,avg_temp_c,precipitation_mm,sunshine_hours,budget_million_krw,execution_rate_pct,policy_type,capacity_factor,generation_per_budget,region_type,geographic_area
2019,춘천시,태양광,6624,3944,72.25,20.775,3.2916666666666665,9.2,13.333333333333334,1010.4000000000001,101.5,3367,92.1,그린뉴딜,0.19,1.97,시,중부
2019,춘천시,풍력,5236,8584,67.76,20.775,3.2916666666666665,9.2,13.333333333333334,1010.4000000000001,101.5,3367,92.1,그린뉴딜,0.07,1.55,시,중부
2019,춘천시,수력,13327,8228,84.58,20.775,3.2916666666666665,9.2,13.333333333333334,1010.4000000000001,101.5,3367,92.1,그린뉴딜,0.18,3.96,시,중부
2019,춘천시,바이오,18133,2766,22.46,20.775,3.2916666666666665,9.2,13.333333333333334,1010.4000000000001,101.5,3367,92.1,그린뉴딜,0.75,5.38,시,중부
2019,춘천시,폐기물,11544,8510,68.35,20.775,3.2916666666666665,9.2,13.333333333333334,1010.4000000000001,101.5,3367,92.1,그린뉴딜,0.15,3.43,시,중부
2019,원주시,태양광,14794,5704,24.61,19.351666666666667,3.225,7.1,14.100000000000001,1065.1,73.7,3684,97.6,그린뉴딜,0.3,4.01,시,중부
2019,원주시,풍력,11908,3495,40.01,19.351666666666667,3.225,7.1,14.100000000000001,1065.1,73.7,3684,97.6,그린뉴딜,0.39,3.23,시,중부
2019,원주시,수력,4458,963,66.42,19.351666666666667,3.225,7.1,14.100000000000001,1065.1,73.7,3684,97.6,그린뉴딜,0.53,1.21,시,중부
2019,원주시,바이오,11258,5725,26.14,19.351666666666667,3.225,7.1,14.100000000000001,1065.1,73.7,3684,97.6,그린뉴딜,0.22,3.06,시,중부
2019,원주시,폐기물,11949,6736,21.83,19.351666666666667,3.225,7.1,14.100000000000001,1065.1,73.7,3684,97.6,그린뉴딜,0.2,3.24,시,중부
2019,강릉시,태양광,17452,6081,69.53,20.43,5.533333333333334,14.8,12.433333333333332,879.5,87.9,4495,80.5,그린뉴딜,0.33,3.88,시,동해안
2019,강릉시,풍력,18684,3960,39.26,20.43,5.533333333333334,14.8,12.433333333333332,879.5,87.9,4495,80.5,그린뉴딜,0.54,4.16,시,동해안
2019,강릉시,수력,8592,3149,67.56,20.43,5.533333333333334,14.8,12.433333333333332,879.5,87.9,4495,80.5,그린뉴딜,0.31,1.91,시,동해안
2019,강릉시,바이오,15372,1507,46.23,20.43,5.533333333333334,14.8,12.433333333333332,879.5,87.9,4495,80.5,그린뉴딜,1.16,3.42,시,동해안
2019,강릉시,폐기물,7867,8648,66.41,20.43,5.533333333333334,14.8,12.433333333333332,879.5,87.9,4495,80.5,그린뉴딜,0.1,1.75,시,동해안
2019,동해시,태양광,7255,1363,60.24,19.66,5.241666666666666,12.3,12.549999999999999,934.5,90.7,5023,81.9,그린뉴딜,0.61,1.44,시,동해안
2019,동해시,풍력,6613,2219,15.37,19.66,5.241666666666666,12.3,12.549999999999999,934.5,90.7,5023,81.9,그린뉴딜,0.34,1.32,시,동해안
2019,동해시,수력,7781,5872,41.62,19.66,5.241666666666666,12.3,12.549999999999999,934.5,90.7,5023,81.9,그린뉴딜,0.15,1.55,시,동해안
2019,동해시,바이오,6130,5803,27.92,19.66,5.241666666666666,12.3,12.549999999999999,934.5,90.7,5023,81.9,그린뉴딜,0.12,1.22,시,동해안
2019,동해시,폐기물,8600,9197,21.33,19.66,5.241666666666666,12.3,12.549999999999999,934.5,90.7,5023,81.9,그린뉴딜,0.11,1.71,시,동해안
2019,태백시,태양광,3558,5326,52.85,15.14,3.85,10.2,14.549999999999999,997.8,92.1,3272,90.9,그린뉴딜,0.08,1.09,시,산악
2019,태백시,풍력,9372,4844,76.07,15.14,3.85,10.2,14.549999999999999,997.8,92.1,3272,90.9,그린뉴딜,0.22,2.86,시,산악
2019,태백시,수력,19173,10498,51.29,15.14,3.85,10.2,14.549999999999999,997.8,92.1,3272,90.9,그린뉴딜,0.21,5.86,시,산악
2019,태백시,바이오,14008,5974,21.42,15.14,3.85,10.2,14.549999999999999,997.8,92.1,3272,90.9,그린뉴딜,0.27,4.28,시,산악
2019,태백시,폐기물,18121,9575,55.85,15.14,3.85,10.2,14.549999999999999,997.8,92.1,3272,90.9,그린뉴딜,0.22,5.54,시,산악
2019,속초시,태양광,7634,1365,40.24,19.579166666666666,5.1499999999999995,12.3,11.325000000000001,724.9,91.6,4604,79.9,그린뉴딜,0.64,1.66,시,동해안
2019,속초시,풍력,29736,2565,69.31,19.579166666666666,5.1499999999999995,12.3,11.325000000000001,724.9,91.6,4604,79.9,그린뉴딜,1.32,6.46,시,동해안
2019,속초시,수력,5205,831,71.15,19.579166666666666,5.1499999999999995,12.3,11.325000000000001,724.9,91.6,4604,79.9,그린뉴딜,0.72,1.13,시,동해안
2019,속초시,바이오,12799,4139,82.62,19.579166666666666,5.1499999999999995,12.3,11.325000000000001,724.9,91.6,4604,79.9,그린뉴딜,0.35,2.78,시,동해안
2019,속초시,폐기물,3390,8331,31.62,19.579166666666666,5.1499999999999995,12.3,11.325000000000001,724.9,91.6,4604,79.9,그린뉴딜,0.05,0.74,시,동해안
2019,삼척시,태양광,9848,7558,76.07,20.596666666666668,4.983333333333333,13.8,11.799999999999999,992.1,85.9,2910,75.3,그린뉴딜,0.15,3.38,시,동해안
2019,삼척시,풍력,22412,5361,32.4,20.596666666666668,4.983333333333333,13.8,11.799999999999999,992.1,85.9,2910,75.3,그린뉴딜,0.48,7.7,시,동해안
2019,삼척시,수력,7215,3050,19.59,20.596666666666668,4.983333333333333,13.8,11.799999999999999,992.1,85.9,2910,75.3,그린뉴딜,0.27,2.48,시,동해안
2019,삼척시,바이오,7443,9997,26.51,20.596666666666668,4.983333333333333,13.8,11.799999999999999,992.1,85.9,2910,75.3,그린뉴딜,0.08,2.56,시,동해안
2019,삼척시,폐기물,11268,7883,41.11,20.596666666666668,4.983333333333333,13.8,11.799999999999999,992.1,85.9,2910,75.3,그린뉴딜,0.16,3.87,시,동해안
2019,홍천군,태양광,13962,4130,18.07,15.81,3.3666666666666667,8.9,12.225,1277.8,83.1,1568,81.2,그린뉴딜,0.39,8.9,군,중부
2019,홍천군,풍력,6478,7155,77.39,15.81,3.3666666666666667,8.9,12.225,1277.8,83.1,1568,81.2,그린뉴딜,0.1,4.13,군,중부
2019,홍천군,수력,3469,10325,18.45,15.81,3.3666666666666667,8.9,12.225,1277.8,83.1,1568,81.2,그린뉴딜,0.04,2.21,군,중부
2019,홍천군,바이오,3865,4345,70.08,15.81,3.3666666666666667,8.9,12.225,1277.8,83.1,1568,81.2,그린뉴딜,0.1,2.46,군,중부
2019,홍천군,폐기물,12297,8477,35.85,15.81,3.3666666666666667,8.9,12.225,1277.8,83.1,1568,81.2,그린뉴딜,0.17,7.84,군,중부
2019,횡성군,태양광,9172,10183,59.81,18.730833333333333,3.033333333333333,8.3,13.016666666666666,920.8,77.2,2241,84.5,그린뉴딜,0.1,4.09,군,중부
2019,횡성군,풍력,14795,2748,68.41,18.730833333333333,3.033333333333333,8.3,13.016666666666666,920.8,77.2,2241,84.5,그린뉴딜,0.61,6.6,군,중부
2019,횡성군,수력,8992,3696,72.78,18.730833333333333,3.033333333333333,8.3,13.016666666666666,920.8,77.2,2241,84.5,그린뉴딜,0.28,4.01,군,중부
2019,횡성군,바이오,14599,8200,61.72,18.730833333333333,3.033333333333333,8.3,13.016666666666666,920.8,77.2,2241,84.5,그린뉴딜,0.2,6.51,군,중부
2019,횡성군,폐기물,7942,5643,29.25,18.730833333333333,3.033333333333333,8.3,13.016666666666666,920.8,77.2,2241,84.5,그린뉴딜,0.16,3.54,군,중부
2019,영월군,태양광,10184,1598,58.82,16.160833333333333,3.4166666666666665,8.7,13.558333333333332,1097.6,97.4,1187,85.5,그린뉴딜,0.73,8.57,군,산악
2019,영월군,풍력,3768,4543,39.48,16.160833333333333,3.4166666666666665,8.7,13.558333333333332,1097.6,97.4,1187,85.5,그린뉴딜,0.09,3.17,군,산악
2019,영월군,수력,22539,6633,19.42,16.160833333333333,3.4166666666666665,8.7,13.558333333333332,1097.6,97.4,1187,85.5,그린뉴딜,0.39,18.97,군,산악
2019,영월군,바이오,18728,6599,60.99,16.160833333333333,3.4166666666666665,8.7,13.558333333333332,1097.6,97.4,1187,85.5,그린뉴딜,0.32,15.76,군,산악
2019,영월군,폐기물,4367,2205,51.98,16.160833333333333,3.4166666666666665,8.7,13.558333333333332,1097.6,97.4,1187,85.5,그린뉴딜,0.23,3.68,군,산악
2019,평창군,태양광,11856,6832,15.18,14.748333333333333,4.041666666666667,10.3,11.808333333333332,1122.3,94.5,2210,86.1,그린뉴딜,0.2,5.36,군,산악
2019,평창군,풍력,19103,8894,51.87,14.748333333333333,4.041666666666667,10.3,11.808333333333332,1122.3,94.5,2210,86.1,그린뉴딜,0.25,8.64,군,산악
2019,평창군,수력,9435,7665,67.67,14.748333333333333,4.041666666666667,10.3,11.808333333333332,1122.3,94.5,2210,86.1,그린뉴딜,0.14,4.27,군,산악
2019,평창군,바이오,5505,4289,65.53,14.748333333333333,4.041666666666667,10.3,11.808333333333332,1122.3,94.5,2210,86.1,그린뉴딜,0.15,2.49,군,산악
2019,평창군,폐기물,7432,2432,72.69,14.748333333333333,4.041666666666667,10.3,11.808333333333332,1122.3,94.5,2210,86.1,그린뉴딜,0.35,3.36,군,산악
2019,정선군,태양광,6556,6171,58.59,15.648333333333333,4.066666666666666,10.0,10.683333333333332,994.2,79.9,1102,92.9,그린뉴딜,0.12,5.94,군,산악
2019,정선군,풍력,18477,7125,21.53,15.648333333333333,4.066666666666666,10.0,10.683333333333332,994.2,79.9,1102,92.9,그린뉴딜,0.3,16.75,군,산악
2019,정선군,수력,15416,8204,35.85,15.648333333333333,4.066666666666666,10.0,10.683333333333332,994.2,79.9,1102,92.9,그린뉴딜,0.21,13.98,군,산악
2019,정선군,바이오,16175,5546,46.31,15.648333333333333,4.066666666666666,10.0,10.683333333333332,994.2,79.9,1102,92.9,그린뉴딜,0.33,14.66,군,산악
2019,정선군,폐기물,15007,9507,35.72,15.648333333333333,4.066666666666666,10.0,10.683333333333332,994.2,79.9,1102,92.9,그린뉴딜,0.18,13.61,군,산악
2019,철원군,태양광,21349,9152,48.4,16.769166666666667,4.75,12.9,12.533333333333333,748.7,88.6,929,96.5,그린뉴딜,0.27,22.96,군,북부
2019,철원군,풍력,8830,6435,47.87,16.769166666666667,4.75,12.9,12.533333333333333,748.7,88.6,929,96.5,그린뉴딜,0.16,9.49,군,북부
2019,철원군,수력,13733,1731,16.51,16.769166666666667,4.75,12.9,12.533333333333333,748.7,88.6,929,96.5,그린뉴딜,0.91,14.77,군,북부
2019,철원군,바이오,8575,5003,45.64,16.769166666666667,4.75,12.9,12.533333333333333,748.7,88.6,929,96.5,그린뉴딜,0.2,9.22,군,북부
2019,철원군,폐기물,3615,9250,56.04,16.769166666666667,4.75,12.9,12.533333333333333,748.7,88.6,929,96.5,그린뉴딜,0.04,3.89,군,북부
2019,화천군,태양광,3592,5922,42.77,14.709166666666667,3.841666666666667,9.5,13.208333333333334,1006.3,83.0,1678,82.6,그린뉴딜,0.07,2.14,군,북부
2019,화천군,풍력,11591,8550,81.06,14.709166666666667,3.841666666666667,9.5,13.208333333333334,1006.3,83.0,1678,82.6,그린뉴딜,0.15,6.9,군,북부
2019,화천군,수력,14270,10673,48.76,14.709166666666667,3.841666666666667,9.5,13.208333333333334,1006.3,83.0,1678,82.6,그린뉴딜,0.15,8.5,군,북부
2019,화천군,바이오,13602,8334,73.2,14.709166666666667,3.841666666666667,9.5,13.208333333333334,1006.3,83.0,1678,82.6,그린뉴딜,0.19,8.1,군,북부
2019,화천군,폐기물,16061,6241,74.43,14.709166666666667,3.841666666666667,9.5,13.208333333333334,1006.3,83.0,1678,82.6,그린뉴딜,0.29,9.57,군,북부
2019,양구군,태양광,9257,3035,74.36,14.613333333333335,4.666666666666667,11.5,13.758333333333333,728.4,93.60000000000001,2357,87.2,그린뉴딜,0.35,3.93,군,북부
2019,양구군,풍력,18684,6547,45.0,14.613333333333335,4.666666666666667,11.5,13.758333333333333,728.4,93.60000000000001,2357,87.2,그린뉴딜,0.33,7.92,군,북부
2019,양구군,수력,12915,11984,44.46,14.613333333333335,4.666666666666667,11.5,13.758333333333333,728.4,93.60000000000001,2357,87.2,그린뉴딜,0.12,5.48,군,북부
2019,양구군,바이오,6691,2500,17.05,14.613333333333335,4.666666666666667,11.5,13.758333333333333,728.4,93.60000000000001,2357,87.2,그린뉴딜,0.31,2.84,군,북부
2019,양구군,폐기물,8033,1971,21.61,14.613333333333335,4.666666666666667,11.5,13.758333333333333,728.4,93.60000000000001,2357,87.2,그린뉴딜,0.47,3.41,군,북부
2019,인제군,태양광,5464,4122,29.64,11.920833333333333,3.875,10.4,11.016666666666667,915.0,79.9,2655,88.0,그린뉴딜,0.15,2.06,군,산악
2019,인제군,풍력,11638,4965,21.76,11.920833333333333,3.875,10.4,11.016666666666667,915.0,79.9,2655,88.0,그린뉴딜,0.27,4.38,군,산악
2019,인제군,수력,9552,4506,67.71,11.920833333333333,3.875,10.4,11.016666666666667,915.0,79.9,2655,88.0,그린뉴딜,0.24,3.6,군,산악
2019,인제군,바이오,18858,6666,55.86,11.920833333333333,3.875,10.4,11.016666666666667,915.0,79.9,2655,88.0,그린뉴딜,0.32,7.1,군,산악
2019,인제군,폐기물,16389,4036,58.31,11.920833333333333,3.875,10.4,11.016666666666667,915.0,79.9,2655,88.0,그린뉴딜,0.46,6.17,군,산악
2019,고성군,태양광,12377,9598,71.85,17.105,5.091666666666667,12.4,12.216666666666667,960.1,80.6,2461,94.1,그린뉴딜,0.15,5.03,군,동해안
2019,고성군,풍력,17112,6963,52.78,17.105,5.091666666666667,12.4,12.216666666666667,960.1,80.6,2461,94.1,그린뉴딜,0.28,6.95,군,동해안
2019,고성군,수력,5354,5552,30.6,17.105,5.091666666666667,12.4,12.216666666666667,960.1,80.6,2461,94.1,그린뉴딜,0.11,2.17,군,동해안
2019,고성군,바이오,8105,3517,65.57,17.105,5.091666666666667,12.4,12.216666666666667,960.1,80.6,2461,94.1,그린뉴딜,0.26,3.29,군,동해안
2019,고성군,폐기물,10420,2282,51.9,17.105,5.091666666666667,12.4,12.216666666666667,960.1,80.6,2461,94.1,그린뉴딜,0.52,4.23,군,동해안
2019,양양군,태양광,20442,8186,45.89,20.269166666666667,5.075,11.7,14.775,1027.5,100.3,629,95.6,그린뉴딜,0.29,32.45,군,동해안
2019,양양군,풍력,12729,8139,30.15,20.269166666666667,5.075,11.7,14.775,1027.5,100.3,629,95.6,그린뉴딜,0.18,20.2,군,동해안
2019,양양군,수력,15726,7488,36.32,20.269166666666667,5.075,11.7,14.775,1027.5,100.3,629,95.6,그린뉴딜,0.24,24.96,군,동해안
2019,양양군,바이오,7711,5480,78.38,20.269166666666667,5.075,11.7,14.775,1027.5,100.3,629,95.6,그린뉴딜,0.16,12.24,군,동해안
2019,양양군,폐기물,12948,1644,61.59,20.269166666666667,5.075,11.7,14.775,1027.5,100.3,629,95.6,그린뉴딜,0.9,20.55,군,동해안
2020,춘천시,태양광,23145,8858,50.14,19.723333333333333,3.4416666666666664,9.0,11.825000000000001,1113.2,99.0,3048,78.3,그린뉴딜,0.3,7.59,시,중부
2020,춘천시,풍력,20195,6244,55.69,19.723333333333333,3.4416666666666664,9.0,11.825000000000001,1113.2,99.0,3048,78.3,그린뉴딜,0.37,6.62,시,중부
2020,춘천시,수력,19089,5161,26.38,19.723333333333333,3.4416666666666664,9.0,11.825000000000001,1113.2,99.0,3048,78.3,그린뉴딜,0.42,6.26,시,중부
2020,춘천시,바이오,8599,5433,79.09,19.723333333333333,3.4416666666666664,9.0,11.825000000000001,1113.2,99.0,3048,78.3,그린뉴딜,0.18,2.82,시,중부
2020,춘천시,폐기물,17320,3620,21.38,19.723333333333333,3.4416666666666664,9.0,11.825000000000001,1113.2,99.0,3048,78.3,그린뉴딜,0.55,5.68,시,중부
2020,원주시,태양광,26015,13320,60.51,20.59,2.733333333333333,6.6,11.008333333333333,943.2,88.8,4029,94.4,그린뉴딜,0.22,6.46,시,중부
2020,원주시,풍력,17506,7230,59.46,20.59,2.733333333333333,6.6,11.008333333333333,943.2,88.8,4029,94.4,그린뉴딜,0.28,4.34,시,중부
2020,원주시,수력,13558,9524,74.46,20.59,2.733333333333333,6.6,11.008333333333333,943.2,88.8,4029,94.4,그린뉴딜,0.16,3.36,시,중부
2020,원주시,바이오,21192,11390,44.91,20.59,2.733333333333333,6.6,11.008333333333333,943.2,88.8,4029,94.4,그린뉴딜,0.21,5.26,시,중부
2020,원주시,폐기물,9602,1221,41.25,20.59,2.733333333333333,6.6,11.008333333333333,943.2,88.8,4029,94.4,그린뉴딜,0.9,2.38,시,중부
2020,강릉시,태양광,24532,5894,50.87,22.86916666666667,5.875,14.4,14.058333333333332,1146.6,92.8,7446,87.0,그린뉴딜,0.48,3.29,시,동해안
2020,강릉시,풍력,18597,7769,72.24,22.86916666666667,5.875,14.4,14.058333333333332,1146.6,92.8,7446,87.0,그린뉴딜,0.27,2.5,시,동해안
2020,강릉시,수력,12467,6237,41.1,22.86916666666667,5.875,14.4,14.058333333333332,1146.6,92.8,7446,87.0,그린뉴딜,0.23,1.67,시,동해안
2020,강릉시,바이오,10528,7166,83.78,22.86916666666667,5.875,14.4,14.058333333333332,1146.6,92.8,7446,87.0,그린뉴딜,0.17,1.41,시,동해안
2020,강릉시,폐기물,6444,5035,30.83,22.86916666666667,5.875,14.4,14.058333333333332,1146.6,92.8,7446,87.0,그린뉴딜,0.15,0.87,시,동해안
2020,동해시,태양광,20937,2137,84.33,19.349999999999998,4.616666666666666,13.8,13.275,822.7,100.1,5209,88.4,그린뉴딜,1.12,4.02,시,동해안
2020,동해시,풍력,23719,9769,43.93,19.349999999999998,4.616666666666666,13.8,13.275,822.7,100.1,5209,88.4,그린뉴딜,0.28,4.55,시,동해안
2020,동해시,수력,16073,2485,66.31,19.349999999999998,4.616666666666666,13.8,13.275,822.7,100.1,5209,88.4,그린뉴딜,0.74,3.09,시,동해안
2020,동해시,바이오,9024,4190,33.06,19.349999999999998,4.616666666666666,13.8,13.275,822.7,100.1,5209,88.4,그린뉴딜,0.25,1.73,시,동해안
2020,동해시,폐기물,10384,1478,15.99,19.349999999999998,4.616666666666666,13.8,13.275,822.7,100.1,5209,88.4,그린뉴딜,0.8,1.99,시,동해안
2020,태백시,태양광,5823,9683,34.28,14.993333333333334,4.566666666666666,11.0,12.191666666666668,1084.0,90.3,2601,84.3,그린뉴딜,0.07,2.24,시,산악
2020,태백시,풍력,24857,12382,82.81,14.993333333333334,4.566666666666666,11.0,12.191666666666668,1084.0,90.3,2601,84.3,그린뉴딜,0.23,9.55,시,산악
2020,태백시,수력,9800,2503,71.59,14.993333333333334,4.566666666666666,11.0,12.191666666666668,1084.0,90.3,2601,84.3,그린뉴딜,0.45,3.77,시,산악
2020,태백시,바이오,9946,9554,35.94,14.993333333333334,4.566666666666666,11.0,12.191666666666668,1084.0,90.3,2601,84.3,그린뉴딜,0.12,3.82,시,산악
2020,태백시,폐기물,16747,3567,49.78,14.993333333333334,4.566666666666666,11.0,12.191666666666668,1084.0,90.3,2601,84.3,그린뉴딜,0.54,6.44,시,산악
2020,속초시,태양광,8424,13032,23.54,19.8325,5.675,14.2,11.408333333333333,796.0,91.4,8001,88.4,그린뉴딜,0.07,1.05,시,동해안
2020,속초시,풍력,27332,6898,67.66,19.8325,5.675,14.2,11.408333333333333,796.0,91.4,8001,88.4,그린뉴딜,0.45,3.42,시,동해안
2020,속초시,수력,3982,4555,41.86,19.8325,5.675,14.2,11.408333333333333,796.0,91.4,8001,88.4,그린뉴딜,0.1,0.5,시,동해안
2020,속초시,바이오,8702,8810,57.27,19.8325,5.675,14.2,11.408333333333333,796.0,91.4,8001,88.4,그린뉴딜,0.11,1.09,시,동해안
2020,속초시,폐기물,3640,8692,56.29,19.8325,5.675,14.2,11.408333333333333,796.0,91.4,8001,88.4,그린뉴딜,0.05,0.45,시,동해안
2020,삼척시,태양광,14745,13449,40.08,21.963333333333335,4.958333333333333,13.5,11.958333333333334,997.7,89.6,4448,80.6,그린뉴딜,0.13,3.31,시,동해안
2020,삼척시,풍력,7947,12984,21.79,21.963333333333335,4.958333333333333,13.5,11.958333333333334,997.7,89.6,4448,80.6,그린뉴딜,0.07,1.79,시,동해안
2020,삼척시,수력,11087,9685,71.31,21.963333333333335,4.958333333333333,13.5,11.958333333333334,997.7,89.6,4448,80.6,그린뉴딜,0.13,2.49,시,동해안
2020,삼척시,바이오,14431,4980,48.98,21.963333333333335,4.958333333333333,13.5,11.958333333333334,997.7,89.6,4448,80.6,그린뉴딜,0.33,3.24,시,동해안
2020,삼척시,폐기물,11726,6579,72.52,21.963333333333335,4.958333333333333,13.5,11.958333333333334,997.7,89.6,4448,80.6,그린뉴딜,0.2,2.64,시,동해안
2020,홍천군,태양광,18718,3920,40.62,16.23,3.483333333333333,9.6,12.950000000000001,774.5,88.3,1040,75.7,그린뉴딜,0.55,17.98,군,중부
2020,홍천군,풍력,11287,3166,66.71,16.23,3.483333333333333,9.6,12.950000000000001,774.5,88.3,1040,75.7,그린뉴딜,0.41,10.84,군,중부
2020,홍천군,수력,10185,10633,68.02,16.23,3.483333333333333,9.6,12.950000000000001,774.5,88.3,1040,75.7,그린뉴딜,0.11,9.78,군,중부
2020,홍천군,바이오,5347,2921,21.81,16.23,3.483333333333333,9.6,12.950000000000001,774.5,88.3,1040,75.7,그린뉴딜,0.21,5.14,군,중부
2020,홍천군,폐기물,5217,1429,71.04,16.23,3.483333333333333,9.6,12.950000000000001,774.5,88.3,1040,75.7,그린뉴딜,0.42,5.01,군,중부
2020,횡성군,태양광,16217,2569,32.75,16.7625,3.091666666666667,8.2,13.183333333333332,877.6,82.9,769,97.7,그린뉴딜,0.72,21.06,군,중부
2020,횡성군,풍력,14636,3912,82.77,16.7625,3.091666666666667,8.2,13.183333333333332,877.6,82.9,769,97.7,그린뉴딜,0.43,19.01,군,중부
2020,횡성군,수력,10202,8957,48.67,16.7625,3.091666666666667,8.2,13.183333333333332,877.6,82.9,769,97.7,그린뉴딜,0.13,13.25,군,중부
2020,횡성군,바이오,3661,3550,65.33,16.7625,3.091666666666667,8.2,13.183333333333332,877.6,82.9,769,97.7,그린뉴딜,0.12,4.75,군,중부
2020,횡성군,폐기물,5268,6121,43.87,16.7625,3.091666666666667,8.2,13.183333333333332,877.6,82.9,769,97.7,그린뉴딜,0.1,6.84,군,중부
2020,영월군,태양광,12689,6821,53.57,16.499166666666667,3.6999999999999997,9.6,12.891666666666666,864.5,88.9,924,90.6,그린뉴딜,0.21,13.72,군,산악
2020,영월군,풍력,7983,5681,45.88,16.499166666666667,3.6999999999999997,9.6,12.891666666666666,864.5,88.9,924,90.6,그린뉴딜,0.16,8.63,군,산악
2020,영월군,수력,28068,8968,77.76,16.499166666666667,3.6999999999999997,9.6,12.891666666666666,864.5,88.9,924,90.6,그린뉴딜,0.36,30.34,군,산악
2020,영월군,바이오,19681,3441,45.51,16.499166666666667,3.6999999999999997,9.6,12.891666666666666,864.5,88.9,924,90.6,그린뉴딜,0.65,21.28,군,산악
2020,영월군,폐기물,9589,6251,48.2,16.499166666666667,3.6999999999999997,9.6,12.891666666666666,864.5,88.9,924,90.6,그린뉴딜,0.18,10.37,군,산악
2020,평창군,태양광,9838,1950,15.19,14.395000000000001,4.091666666666667,9.8,12.341666666666667,902.1,86.39999999999999,2004,82.4,그린뉴딜,0.58,4.91,군,산악
2020,평창군,풍력,22535,2943,76.26,14.395000000000001,4.091666666666667,9.8,12.341666666666667,902.1,86.39999999999999,2004,82.4,그린뉴딜,0.87,11.24,군,산악
2020,평창군,수력,8866,9320,62.14,14.395000000000001,4.091666666666667,9.8,12.341666666666667,902.1,86.39999999999999,2004,82.4,그린뉴딜,0.11,4.42,군,산악
2020,평창군,바이오,16860,8822,27.89,14.395000000000001,4.091666666666667,9.8,12.341666666666667,902.1,86.39999999999999,2004,82.4,그린뉴딜,0.22,8.41,군,산악
2020,평창군,폐기물,5932,10292,58.26,14.395000000000001,4.091666666666667,9.8,12.341666666666667,902.1,86.39999999999999,2004,82.4,그린뉴딜,0.07,2.96,군,산악
2020,정선군,태양광,5574,9945,70.44,14.641666666666666,3.7750000000000004,10.3,11.941666666666665,942.1,90.4,2130,84.8,그린뉴딜,0.06,2.62,군,산악
2020,정선군,풍력,9453,9904,55.72,14.641666666666666,3.7750000000000004,10.3,11.941666666666665,942.1,90.4,2130,84.8,그린뉴딜,0.11,4.44,군,산악
2020,정선군,수력,31501,9035,29.87,14.641666666666666,3.7750000000000004,10.3,11.941666666666665,942.1,90.4,2130,84.8,그린뉴딜,0.4,14.78,군,산악
2020,정선군,바이오,15198,1492,25.81,14.641666666666666,3.7750000000000004,10.3,11.941666666666665,942.1,90.4,2130,84.8,그린뉴딜,1.16,7.13,군,산악
2020,정선군,폐기물,17545,3026,66.61,14.641666666666666,3.7750000000000004,10.3,11.941666666666665,942.1,90.4,2130,84.8,그린뉴딜,0.66,8.23,군,산악
2020,철원군,태양광,9414,1596,59.23,17.325,4.816666666666666,10.5,13.6,1033.2,89.3,2728,86.9,그린뉴딜,0.67,3.45,군,북부
2020,철원군,풍력,24717,3219,69.72,17.325,4.816666666666666,10.5,13.6,1033.2,89.3,2728,86.9,그린뉴딜,0.88,9.06,군,북부
2020,철원군,수력,17642,3445,35.48,17.325,4.816666666666666,10.5,13.6,1033.2,89.3,2728,86.9,그린뉴딜,0.58,6.46,군,북부
2020,철원군,바이오,16836,4729,54.7,17.325,4.816666666666666,10.5,13.6,1033.2,89.3,2728,86.9,그린뉴딜,0.41,6.17,군,북부
2020,철원군,폐기물,9731,1738,64.62,17.325,4.816666666666666,10.5,13.6,1033.2,89.3,2728,86.9,그린뉴딜,0.64,3.57,군,북부
2020,화천군,태양광,5150,4269,81.27,14.830833333333333,3.75,9.4,12.908333333333333,797.8,92.8,3512,88.6,그린뉴딜,0.14,1.47,군,북부
2020,화천군,풍력,21547,3437,83.15,14.830833333333333,3.75,9.4,12.908333333333333,797.8,92.8,3512,88.6,그린뉴딜,0.72,6.13,군,북부
2020,화천군,수력,6926,8857,24.32,14.830833333333333,3.75,9.4,12.908333333333333,797.8,92.8,3512,88.6,그린뉴딜,0.09,1.97,군,북부
2020,화천군,바이오,17728,5982,52.53,14.830833333333333,3.75,9.4,12.908333333333333,797.8,92.8,3512,88.6,그린뉴딜,0.34,5.05,군,북부
2020,화천군,폐기물,4761,9062,48.79,14.830833333333333,3.75,9.4,12.908333333333333,797.8,92.8,3512,88.6,그린뉴딜,0.06,1.36,군,북부
2020,양구군,태양광,10679,10072,19.39,14.260833333333332,4.158333333333333,11.1,10.758333333333333,711.4,91.6,3213,93.0,그린뉴딜,0.12,3.32,군,북부
2020,양구군,풍력,12046,2555,24.97,14.260833333333332,4.158333333333333,11.1,10.758333333333333,711.4,91.6,3213,93.0,그린뉴딜,0.54,3.75,군,북부
2020,양구군,수력,24899,1731,37.97,14.260833333333332,4.158333333333333,11.1,10.758333333333333,711.4,91.6,3213,93.0,그린뉴딜,1.64,7.75,군,북부
2020,양구군,바이오,6205,5996,52.08,14.260833333333332,4.158333333333333,11.1,10.758333333333333,711.4,91.6,3213,93.0,그린뉴딜,0.12,1.93,군,북부
2020,양구군,폐기물,16708,3249,69.07,14.260833333333332,4.158333333333333,11.1,10.758333333333333,711.4,91.6,3213,93.0,그린뉴딜,0.59,5.2,군,북부
2020,인제군,태양광,17436,1268,78.7,12.8125,3.5500000000000003,9.8,13.533333333333333,1114.3,95.3,1190,93.9,그린뉴딜,1.57,14.64,군,산악
2020,인제군,풍력,7839,10310,25.13,12.8125,3.5500000000000003,9.8,13.533333333333333,1114.3,95.3,1190,93.9,그린뉴딜,0.09,6.58,군,산악
2020,인제군,수력,16209,16509,41.55,12.8125,3.5500000000000003,9.8,13.533333333333333,1114.3,95.3,1190,93.9,그린뉴딜,0.11,13.61,군,산악
2020,인제군,바이오,12336,9443,67.56,12.8125,3.5500000000000003,9.8,13.533333333333333,1114.3,95.3,1190,93.9,그린뉴딜,0.15,10.36,군,산악
2020,인제군,폐기물,20732,7446,44.44,12.8125,3.5500000000000003,9.8,13.533333333333333,1114.3,95.3,1190,93.9,그린뉴딜,0.32,17.41,군,산악
2020,고성군,태양광,6446,11897,78.12,18.0075,4.983333333333333,14.3,14.116666666666667,883.9,84.2,3544,87.3,그린뉴딜,0.06,1.82,군,동해안
2020,고성군,풍력,6486,14731,82.03,18.0075,4.983333333333333,14.3,14.116666666666667,883.9,84.2,3544,87.3,그린뉴딜,0.05,1.83,군,동해안
2020,고성군,수력,4220,8736,22.32,18.0075,4.983333333333333,14.3,14.116666666666667,883.9,84.2,3544,87.3,그린뉴딜,0.06,1.19,군,동해안
2020,고성군,바이오,8685,6419,46.69,18.0075,4.983333333333333,14.3,14.116666666666667,883.9,84.2,3544,87.3,그린뉴딜,0.15,2.45,군,동해안
2020,고성군,폐기물,5664,11313,20.4,18.0075,4.983333333333333,14.3,14.116666666666667,883.9,84.2,3544,87.3,그린뉴딜,0.06,1.6,군,동해안
2020,양양군,태양광,5340,1400,72.12,20.250833333333333,5.358333333333333,13.3,11.183333333333332,1232.0,104.8,2731,90.0,그린뉴딜,0.44,1.95,군,동해안
2020,양양군,풍력,25915,5902,57.72,20.250833333333333,5.358333333333333,13.3,11.183333333333332,1232.0,104.8,2731,90.0,그린뉴딜,0.5,9.49,군,동해안
2020,양양군,수력,19531,7513,36.84,20.250833333333333,5.358333333333333,13.3,11.183333333333332,1232.0,104.8,2731,90.0,그린뉴딜,0.3,7.15,군,동해안
2020,양양군,바이오,8561,7139,59.04,20.250833333333333,5.358333333333333,13.3,11.183333333333332,1232.0,104.8,2731,90.0,그린뉴딜,0.14,3.13,군,동해안
2020,양양군,폐기물,12239,2985,34.93,20.250833333333333,5.358333333333333,13.3,11.183333333333332,1232.0,104.8,2731,90.0,그린뉴딜,0.47,4.48,군,동해안
2021,춘천시,태양광,19217,12854,32.52,20.228333333333335,3.0500000000000003,8.2,12.924999999999999,1129.8,97.8,4678,79.2,RE100,0.17,4.11,시,중부
2021,춘천시,풍력,14326,5754,48.01,20.228333333333335,3.0500000000000003,8.2,12.924999999999999,1129.8,97.8,4678,79.2,RE100,0.28,3.06,시,중부
2021,춘천시,수력,6725,8152,30.59,20.228333333333335,3.0500000000000003,8.2,12.924999999999999,1129.8,97.8,4678,79.2,RE100,0.09,1.44,시,중부
2021,춘천시,바이오,16372,8879,40.01,20.228333333333335,3.0500000000000003,8.2,12.924999999999999,1129.8,97.8,4678,79.2,RE100,0.21,3.5,시,중부
2021,춘천시,폐기물,18564,3888,75.9,20.228333333333335,3.0500000000000003,8.2,12.924999999999999,1129.8,97.8,4678,79.2,RE100,0.55,3.97,시,중부
2021,원주시,태양광,19554,13827,35.48,20.392500000000002,2.9333333333333336,8.6,10.566666666666666,1103.0,93.4,6578,89.0,RE100,0.16,2.97,시,중부
2021,원주시,풍력,18305,4002,32.23,20.392500000000002,2.9333333333333336,8.6,10.566666666666666,1103.0,93.4,6578,89.0,RE100,0.52,2.78,시,중부
2021,원주시,수력,11038,7525,63.13,20.392500000000002,2.9333333333333336,8.6,10.566666666666666,1103.0,93.4,6578,89.0,RE100,0.17,1.68,시,중부
2021,원주시,바이오,25565,10133,30.55,20.392500000000002,2.9333333333333336,8.6,10.566666666666666,1103.0,93.4,6578,89.0,RE100,0.29,3.89,시,중부
2021,원주시,폐기물,5305,3958,41.79,20.392500000000002,2.9333333333333336,8.6,10.566666666666666,1103.0,93.4,6578,89.0,RE100,0.15,0.81,시,중부
2021,강릉시,태양광,17902,2847,49.92,22.025833333333335,5.708333333333333,13.9,11.933333333333332,919.9,67.3,3204,84.8,RE100,0.72,5.59,시,동해안
2021,강릉시,풍력,6755,2276,53.7,22.025833333333335,5.708333333333333,13.9,11.933333333333332,919.9,67.3,3204,84.8,RE100,0.34,2.11,시,동해안
2021,강릉시,수력,12166,4554,81.4,22.025833333333335,5.708333333333333,13.9,11.933333333333332,919.9,67.3,3204,84.8,RE100,0.3,3.8,시,동해안
2021,강릉시,바이오,25058,11090,21.55,22.025833333333335,5.708333333333333,13.9,11.933333333333332,919.9,67.3,3204,84.8,RE100,0.26,7.82,시,동해안
2021,강릉시,폐기물,10323,3831,39.06,22.025833333333335,5.708333333333333,13.9,11.933333333333332,919.9,67.3,3204,84.8,RE100,0.31,3.22,시,동해안
2021,동해시,태양광,26270,5484,23.06,20.57,4.891666666666667,12.4,11.966666666666667,932.7,90.2,4551,88.4,RE100,0.55,5.77,시,동해안
2021,동해시,풍력,14241,5899,59.92,20.57,4.891666666666667,12.4,11.966666666666667,932.7,90.2,4551,88.4,RE100,0.28,3.13,시,동해안
2021,동해시,수력,16493,2818,21.14,20.57,4.891666666666667,12.4,11.966666666666667,932.7,90.2,4551,88.4,RE100,0.67,3.62,시,동해안
2021,동해시,바이오,22369,10561,75.78,20.57,4.891666666666667,12.4,11.966666666666667,932.7,90.2,4551,88.4,RE100,0.24,4.91,시,동해안
2021,동해시,폐기물,18752,1664,69.63,20.57,4.891666666666667,12.4,11.966666666666667,932.7,90.2,4551,88.4,RE100,1.29,4.12,시,동해안
2021,태백시,태양광,15744,1302,34.09,15.046666666666667,4.45,10.8,12.641666666666666,971.7,88.7,4205,90.8,RE100,1.38,3.74,시,산악
2021,태백시,풍력,11971,9901,61.29,15.046666666666667,4.45,10.8,12.641666666666666,971.7,88.7,4205,90.8,RE100,0.14,2.85,시,산악
2021,태백시,수력,18795,12656,82.92,15.046666666666667,4.45,10.8,12.641666666666666,971.7,88.7,4205,90.8,RE100,0.17,4.47,시,산악
2021,태백시,바이오,19708,5829,23.02,15.046666666666667,4.45,10.8,12.641666666666666,971.7,88.7,4205,90.8,RE100,0.39,4.69,시,산악
2021,태백시,폐기물,11915,2056,46.89,15.046666666666667,4.45,10.8,12.641666666666666,971.7,88.7,4205,90.8,RE100,0.66,2.83,시,산악
2021,속초시,태양광,21010,5118,61.19,21.42833333333333,5.583333333333333,12.8,10.799999999999999,969.0,97.5,8502,76.1,RE100,0.47,2.47,시,동해안
2021,속초시,풍력,12109,11889,80.83,21.42833333333333,5.583333333333333,12.8,10.799999999999999,969.0,97.5,8502,76.1,RE100,0.12,1.42,시,동해안
2021,속초시,수력,14107,3708,84.51,21.42833333333333,5.583333333333333,12.8,10.799999999999999,969.0,97.5,8502,76.1,RE100,0.43,1.66,시,동해안
2021,속초시,바이오,25941,7376,72.97,21.42833333333333,5.583333333333333,12.8,10.799999999999999,969.0,97.5,8502,76.1,RE100,0.4,3.05,시,동해안
2021,속초시,폐기물,16884,9254,60.27,21.42833333333333,5.583333333333333,12.8,10.799999999999999,969.0,97.5,8502,76.1,RE100,0.21,1.99,시,동해안
2021,삼척시,태양광,33526,8311,81.5,20.56833333333333,4.966666666666667,13.9,12.316666666666665,1174.0,89.3,7636,85.0,RE100,0.46,4.39,시,동해안
2021,삼척시,풍력,17346,6689,67.28,20.56833333333333,4.966666666666667,13.9,12.316666666666665,1174.0,89.3,7636,85.0,RE100,0.3,2.27,시,동해안
2021,삼척시,수력,16411,1903,53.66,20.56833333333333,4.966666666666667,13.9,12.316666666666665,1174.0,89.3,7636,85.0,RE100,0.98,2.15,시,동해안
2021,삼척시,바이오,21637,10073,74.75,20.56833333333333,4.966666666666667,13.9,12.316666666666665,1174.0,89.3,7636,85.0,RE100,0.25,2.83,시,동해안
2021,삼척시,폐기물,14500,11969,64.47,20.56833333333333,4.966666666666667,13.9,12.316666666666665,1174.0,89.3,7636,85.0,RE100,0.14,1.9,시,동해안
2021,홍천군,태양광,15830,1839,83.1,17.319166666666668,3.4333333333333336,9.6,9.941666666666666,859.0,91.5,3584,96.2,RE100,0.98,4.42,군,중부
2021,홍천군,풍력,11232,6057,47.99,17.319166666666668,3.4333333333333336,9.6,9.941666666666666,859.0,91.5,3584,96.2,RE100,0.21,3.13,군,중부
2021,홍천군,수력,14628,13956,83.29,17.319166666666668,3.4333333333333336,9.6,9.941666666666666,859.0,91.5,3584,96.2,RE100,0.12,4.08,군,중부
2021,홍천군,바이오,6431,4668,79.37,17.319166666666668,3.4333333333333336,9.6,9.941666666666666,859.0,91.5,3584,96.2,RE100,0.16,1.79,군,중부
2021,홍천군,폐기물,20878,9231,57.15,17.319166666666668,3.4333333333333336,9.6,9.941666666666666,859.0,91.5,3584,96.2,RE100,0.26,5.82,군,중부
2021,횡성군,태양광,25386,8522,72.45,17.703333333333333,2.9916666666666667,8.0,11.066666666666668,1157.5,91.0,974,95.9,RE100,0.34,26.04,군,중부
2021,횡성군,풍력,20683,1104,68.43,17.703333333333333,2.9916666666666667,8.0,11.066666666666668,1157.5,91.0,974,95.9,RE100,2.14,21.21,군,중부
2021,횡성군,수력,6337,11063,74.99,17.703333333333333,2.9916666666666667,8.0,11.066666666666668,1157.5,91.0,974,95.9,RE100,0.07,6.5,군,중부
2021,횡성군,바이오,14983,11455,40.65,17.703333333333333,2.9916666666666667,8.0,11.066666666666668,1157.5,91.0,974,95.9,RE100,0.15,15.37,군,중부
2021,횡성군,폐기물,20946,5686,25.31,17.703333333333333,2.9916666666666667,8.0,11.066666666666668,1157.5,91.0,974,95.9,RE100,0.42,21.48,군,중부
2021,영월군,태양광,15113,10987,46.05,16.773333333333333,3.158333333333333,7.5,10.65,751.8000000000001,88.8,2832,91.5,RE100,0.16,5.33,군,산악
2021,영월군,풍력,9252,1635,23.62,16.773333333333333,3.158333333333333,7.5,10.65,751.8000000000001,88.8,2832,91.5,RE100,0.65,3.27,군,산악
2021,영월군,수력,27704,4552,81.0,16.773333333333333,3.158333333333333,7.5,10.65,751.8000000000001,88.8,2832,91.5,RE100,0.69,9.78,군,산악
2021,영월군,바이오,5015,7285,44.77,16.773333333333333,3.158333333333333,7.5,10.65,751.8000000000001,88.8,2832,91.5,RE100,0.08,1.77,군,산악
2021,영월군,폐기물,19306,5786,19.02,16.773333333333333,3.158333333333333,7.5,10.65,751.8000000000001,88.8,2832,91.5,RE100,0.38,6.81,군,산악
2021,평창군,태양광,13246,5441,31.85,14.338333333333333,3.891666666666667,10.6,11.716666666666667,797.8000000000001,81.9,2361,85.4,RE100,0.28,5.61,군,산악
2021,평창군,풍력,6031,9712,37.53,14.338333333333333,3.891666666666667,10.6,11.716666666666667,797.8000000000001,81.9,2361,85.4,RE100,0.07,2.55,군,산악
2021,평창군,수력,13973,15652,57.57,14.338333333333333,3.891666666666667,10.6,11.716666666666667,797.8000000000001,81.9,2361,85.4,RE100,0.1,5.92,군,산악
2021,평창군,바이오,14125,3558,83.65,14.338333333333333,3.891666666666667,10.6,11.716666666666667,797.8000000000001,81.9,2361,85.4,RE100,0.45,5.98,군,산악
2021,평창군,폐기물,7866,2938,40.76,14.338333333333333,3.891666666666667,10.6,11.716666666666667,797.8000000000001,81.9,2361,85.4,RE100,0.31,3.33,군,산악
2021,정선군,태양광,21177,6447,28.78,14.349166666666667,3.733333333333333,8.9,13.508333333333333,1126.2,102.3,837,92.1,RE100,0.37,25.27,군,산악
2021,정선군,풍력,10125,12638,19.8,14.349166666666667,3.733333333333333,8.9,13.508333333333333,1126.2,102.3,837,92.1,RE100,0.09,12.08,군,산악
2021,정선군,수력,27203,15653,73.62,14.349166666666667,3.733333333333333,8.9,13.508333333333333,1126.2,102.3,837,92.1,RE100,0.2,32.46,군,산악
2021,정선군,바이오,8816,5748,49.82,14.349166666666667,3.733333333333333,8.9,13.508333333333333,1126.2,102.3,837,92.1,RE100,0.18,10.52,군,산악
2021,정선군,폐기물,18671,11590,35.76,14.349166666666667,3.733333333333333,8.9,13.508333333333333,1126.2,102.3,837,92.1,RE100,0.18,22.28,군,산악
2021,철원군,태양광,9365,10285,54.39,18.155833333333334,4.1499999999999995,11.9,11.200000000000001,987.0,93.9,1796,90.2,RE100,0.1,5.21,군,북부
2021,철원군,풍력,25067,8542,20.6,18.155833333333334,4.1499999999999995,11.9,11.200000000000001,987.0,93.9,1796,90.2,RE100,0.33,13.95,군,북부
2021,철원군,수력,22427,10916,84.04,18.155833333333334,4.1499999999999995,11.9,11.200000000000001,987.0,93.9,1796,90.2,RE100,0.23,12.48,군,북부
2021,철원군,바이오,10670,1929,66.63,18.155833333333334,4.1499999999999995,11.9,11.200000000000001,987.0,93.9,1796,90.2,RE100,0.63,5.94,군,북부
2021,철원군,폐기물,6396,7146,15.6,18.155833333333334,4.1499999999999995,11.9,11.200000000000001,987.0,93.9,1796,90.2,RE100,0.1,3.56,군,북부
2021,화천군,태양광,19667,6723,61.36,14.005833333333333,3.9583333333333335,10.6,12.358333333333333,935.5,73.39999999999999,2279,75.0,RE100,0.33,8.63,군,북부
2021,화천군,풍력,12066,12482,15.8,14.005833333333333,3.9583333333333335,10.6,12.358333333333333,935.5,73.39999999999999,2279,75.0,RE100,0.11,5.29,군,북부
2021,화천군,수력,10126,2558,74.56,14.005833333333333,3.9583333333333335,10.6,12.358333333333333,935.5,73.39999999999999,2279,75.0,RE100,0.45,4.44,군,북부
2021,화천군,바이오,17130,5133,22.9,14.005833333333333,3.9583333333333335,10.6,12.358333333333333,935.5,73.39999999999999,2279,75.0,RE100,0.38,7.51,군,북부
2021,화천군,폐기물,5705,1595,69.42,14.005833333333333,3.9583333333333335,10.6,12.358333333333333,935.5,73.39999999999999,2279,75.0,RE100,0.41,2.5,군,북부
2021,양구군,태양광,16996,9231,72.3,15.456666666666665,4.158333333333333,9.5,13.0,752.9,92.1,964,79.3,RE100,0.21,17.61,군,북부
2021,양구군,풍력,13567,11279,26.78,15.456666666666665,4.158333333333333,9.5,13.0,752.9,92.1,964,79.3,RE100,0.14,14.06,군,북부
2021,양구군,수력,30087,12581,32.67,15.456666666666665,4.158333333333333,9.5,13.0,752.9,92.1,964,79.3,RE100,0.27,31.18,군,북부
2021,양구군,바이오,8486,12876,76.37,15.456666666666665,4.158333333333333,9.5,13.0,752.9,92.1,964,79.3,RE100,0.08,8.79,군,북부
2021,양구군,폐기물,14292,9089,78.29,15.456666666666665,4.158333333333333,9.5,13.0,752.9,92.1,964,79.3,RE100,0.18,14.81,군,북부
2021,인제군,태양광,17438,8991,15.53,12.439166666666667,3.641666666666667,10.6,11.65,674.7,93.6,1103,90.7,RE100,0.22,15.8,군,산악
2021,인제군,풍력,8694,9795,37.2,12.439166666666667,3.641666666666667,10.6,11.65,674.7,93.6,1103,90.7,RE100,0.1,7.88,군,산악
2021,인제군,수력,11567,16666,47.81,12.439166666666667,3.641666666666667,10.6,11.65,674.7,93.6,1103,90.7,RE100,0.08,10.48,군,산악
2021,인제군,바이오,12480,6721,24.03,12.439166666666667,3.641666666666667,10.6,11.65,674.7,93.6,1103,90.7,RE100,0.21,11.3,군,산악
2021,인제군,폐기물,4348,9955,22.74,12.439166666666667,3.641666666666667,10.6,11.65,674.7,93.6,1103,90.7,RE100,0.05,3.94,군,산악
2021,고성군,태양광,10886,8109,71.11,18.109166666666667,5.183333333333334,13.7,10.458333333333334,1206.7,92.4,1751,93.0,RE100,0.15,6.21,군,동해안
2021,고성군,풍력,29081,7733,69.19,18.109166666666667,5.183333333333334,13.7,10.458333333333334,1206.7,92.4,1751,93.0,RE100,0.43,16.6,군,동해안
2021,고성군,수력,16374,3043,73.14,18.109166666666667,5.183333333333334,13.7,10.458333333333334,1206.7,92.4,1751,93.0,RE100,0.61,9.35,군,동해안
2021,고성군,바이오,13564,11583,39.47,18.109166666666667,5.183333333333334,13.7,10.458333333333334,1206.7,92.4,1751,93.0,RE100,0.13,7.74,군,동해안
2021,고성군,폐기물,21647,7974,52.36,18.109166666666667,5.183333333333334,13.7,10.458333333333334,1206.7,92.4,1751,93.0,RE100,0.31,12.36,군,동해안
2021,양양군,태양광,16191,15270,44.13,18.133333333333333,5.0249999999999995,11.1,12.308333333333332,1125.3,92.5,3215,97.7,RE100,0.12,5.03,군,동해안
2021,양양군,풍력,14581,11559,62.24,18.133333333333333,5.0249999999999995,11.1,12.308333333333332,1125.3,92.5,3215,97.7,RE100,0.14,4.53,군,동해안
2021,양양군,수력,12582,4621,16.93,18.133333333333333,5.0249999999999995,11.1,12.308333333333332,1125.3,92.5,3215,97.7,RE100,0.31,3.91,군,동해안
2021,양양군,바이오,6890,12359,22.67,18.133333333333333,5.0249999999999995,11.1,12.308333333333332,1125.3,92.5,3215,97.7,RE100,0.06,2.14,군,동해안
2021,양양군,폐기물,6615,5148,54.02,18.133333333333333,5.0249999999999995,11.1,12.308333333333332,1125.3,92.5,3215,97.7,RE100,0.15,2.06,군,동해안
2022,춘천시,태양광,6838,16399,57.47,19.156666666666666,3.591666666666667,9.5,9.333333333333334,1089.5,92.4,3604,80.3,RE100,0.05,1.9,시,중부
2022,춘천시,풍력,18129,6903,29.78,19.156666666666666,3.591666666666667,9.5,9.333333333333334,1089.5,92.4,3604,80.3,RE100,0.3,5.03,시,중부
2022,춘천시,수력,5397,16818,73.2,19.156666666666666,3.591666666666667,9.5,9.333333333333334,1089.5,92.4,3604,80.3,RE100,0.04,1.5,시,중부
2022,춘천시,바이오,28128,9997,69.99,19.156666666666666,3.591666666666667,9.5,9.333333333333334,1089.5,92.4,3604,80.3,RE100,0.32,7.8,시,중부
2022,춘천시,폐기물,25198,2041,62.89,19.156666666666666,3.591666666666667,9.5,9.333333333333334,1089.5,92.4,3604,80.3,RE100,1.41,6.99,시,중부
2022,원주시,태양광,23828,14391,84.81,22.471666666666668,2.8666666666666667,7.2,10.025,953.3,91.9,12230,93.1,RE100,0.19,1.95,시,중부
2022,원주시,풍력,9322,8265,70.98,22.471666666666668,2.8666666666666667,7.2,10.025,953.3,91.9,12230,93.1,RE100,0.13,0.76,시,중부
2022,원주시,수력,19808,12714,76.55,22.471666666666668,2.8666666666666667,7.2,10.025,953.3,91.9,12230,93.1,RE100,0.18,1.62,시,중부
2022,원주시,바이오,12912,11505,49.02,22.471666666666668,2.8666666666666667,7.2,10.025,953.3,91.9,12230,93.1,RE100,0.13,1.06,시,중부
2022,원주시,폐기물,5327,2540,49.11,22.471666666666668,2.8666666666666667,7.2,10.025,953.3,91.9,12230,93.1,RE100,0.24,0.44,시,중부
2022,강릉시,태양광,29226,17193,69.48,21.23,4.891666666666667,13.6,12.674999999999999,898.0,92.7,3969,95.7,RE100,0.19,7.36,시,동해안
2022,강릉시,풍력,28387,13942,24.76,21.23,4.891666666666667,13.6,12.674999999999999,898.0,92.7,3969,95.7,RE100,0.23,7.15,시,동해안
2022,강릉시,수력,10721,5058,39.96,21.23,4.891666666666667,13.6,12.674999999999999,898.0,92.7,3969,95.7,RE100,0.24,2.7,시,동해안
2022,강릉시,바이오,22704,6390,70.75,21.23,4.891666666666667,13.6,12.674999999999999,898.0,92.7,3969,95.7,RE100,0.41,5.72,시,동해안
2022,강릉시,폐기물,7116,10544,40.83,21.23,4.891666666666667,13.6,12.674999999999999,898.0,92.7,3969,95.7,RE100,0.08,1.79,시,동해안
2022,동해시,태양광,19841,8452,57.04,20.488333333333333,4.883333333333334,11.6,12.025,1099.7,93.4,4518,83.0,RE100,0.27,4.39,시,동해안
2022,동해시,풍력,12393,10859,38.67,20.488333333333333,4.883333333333334,11.6,12.025,1099.7,93.4,4518,83.0,RE100,0.13,2.74,시,동해안
2022,동해시,수력,8607,1919,53.7,20.488333333333333,4.883333333333334,11.6,12.025,1099.7,93.4,4518,83.0,RE100,0.51,1.9,시,동해안
2022,동해시,바이오,12023,14027,62.77,20.488333333333333,4.883333333333334,11.6,12.025,1099.7,93.4,4518,83.0,RE100,0.1,2.66,시,동해안
2022,동해시,폐기물,18716,8527,69.34,20.488333333333333,4.883333333333334,11.6,12.025,1099.7,93.4,4518,83.0,RE100,0.25,4.14,시,동해안
2022,태백시,태양광,6481,8233,58.95,14.3575,4.166666666666667,10.6,11.916666666666666,760.4,102.8,4216,93.8,RE100,0.09,1.54,시,산악
2022,태백시,풍력,9223,2526,37.81,14.3575,4.166666666666667,10.6,11.916666666666666,760.4,102.8,4216,93.8,RE100,0.42,2.19,시,산악
2022,태백시,수력,33665,4528,61.86,14.3575,4.166666666666667,10.6,11.916666666666666,760.4,102.8,4216,93.8,RE100,0.85,7.98,시,산악
2022,태백시,바이오,10173,2710,77.13,14.3575,4.166666666666667,10.6,11.916666666666666,760.4,102.8,4216,93.8,RE100,0.43,2.41,시,산악
2022,태백시,폐기물,8563,9845,23.06,14.3575,4.166666666666667,10.6,11.916666666666666,760.4,102.8,4216,93.8,RE100,0.1,2.03,시,산악
2022,속초시,태양광,12844,15651,24.36,17.935,5.816666666666666,15.6,11.791666666666666,1023.9,100.1,11499,82.9,RE100,0.09,1.12,시,동해안
2022,속초시,풍력,7405,17054,77.67,17.935,5.816666666666666,15.6,11.791666666666666,1023.9,100.1,11499,82.9,RE100,0.05,0.64,시,동해안
2022,속초시,수력,16917,2656,32.79,17.935,5.816666666666666,15.6,11.791666666666666,1023.9,100.1,11499,82.9,RE100,0.73,1.47,시,동해안
2022,속초시,바이오,5530,3339,24.24,17.935,5.816666666666666,15.6,11.791666666666666,1023.9,100.1,11499,82.9,RE100,0.19,0.48,시,동해안
2022,속초시,폐기물,26271,1455,40.46,17.935,5.816666666666666,15.6,11.791666666666666,1023.9,100.1,11499,82.9,RE100,2.06,2.28,시,동해안
2022,삼척시,태양광,16923,11230,83.25,20.6775,4.708333333333333,11.7,10.858333333333334,763.9,92.5,7988,91.8,RE100,0.17,2.12,시,동해안
2022,삼척시,풍력,25707,6919,52.44,20.6775,4.708333333333333,11.7,10.858333333333334,763.9,92.5,7988,91.8,RE100,0.42,3.22,시,동해안
2022,삼척시,수력,16874,1457,20.56,20.6775,4.708333333333333,11.7,10.858333333333334,763.9,92.5,7988,91.8,RE100,1.32,2.11,시,동해안
2022,삼척시,바이오,18291,2318,61.95,20.6775,4.708333333333333,11.7,10.858333333333334,763.9,92.5,7988,91.8,RE100,0.9,2.29,시,동해안
2022,삼척시,폐기물,23134,2807,76.76,20.6775,4.708333333333333,11.7,10.858333333333334,763.9,92.5,7988,91.8,RE100,0.94,2.9,시,동해안
2022,홍천군,태양광,9889,10144,59.78,14.841666666666667,3.4749999999999996,9.1,8.491666666666667,1215.0,80.8,3347,89.5,RE100,0.11,2.95,군,중부
2022,홍천군,풍력,19782,12757,83.75,14.841666666666667,3.4749999999999996,9.1,8.491666666666667,1215.0,80.8,3347,89.5,RE100,0.18,5.91,군,중부
2022,홍천군,수력,16253,5620,44.28,14.841666666666667,3.4749999999999996,9.1,8.491666666666667,1215.0,80.8,3347,89.5,RE100,0.33,4.85,군,중부
2022,홍천군,바이오,9498,11611,45.59,14.841666666666667,3.4749999999999996,9.1,8.491666666666667,1215.0,80.8,3347,89.5,RE100,0.09,2.84,군,중부
2022,홍천군,폐기물,4886,7967,55.06,14.841666666666667,3.4749999999999996,9.1,8.491666666666667,1215.0,80.8,3347,89.5,RE100,0.07,1.46,군,중부
2022,횡성군,태양광,7751,14852,74.39,18.175833333333333,2.9583333333333335,8.2,12.583333333333334,1222.5,80.0,1257,93.4,RE100,0.06,6.16,군,중부
2022,횡성군,풍력,21470,11036,64.71,18.175833333333333,2.9583333333333335,8.2,12.583333333333334,1222.5,80.0,1257,93.4,RE100,0.22,17.07,군,중부
2022,횡성군,수력,10184,5499,25.84,18.175833333333333,2.9583333333333335,8.2,12.583333333333334,1222.5,80.0,1257,93.4,RE100,0.21,8.1,군,중부
2022,횡성군,바이오,21596,11772,34.75,18.175833333333333,2.9583333333333335,8.2,12.583333333333334,1222.5,80.0,1257,93.4,RE100,0.21,17.17,군,중부
2022,횡성군,폐기물,4502,3886,44.36,18.175833333333333,2.9583333333333335,8.2,12.583333333333334,1222.5,80.0,1257,93.4,RE100,0.13,3.58,군,중부
2022,영월군,태양광,28437,2422,54.19,15.366666666666667,3.125,8.5,12.6,1177.9,90.1,4051,97.1,RE100,1.34,7.02,군,산악
2022,영월군,풍력,16001,3864,28.58,15.366666666666667,3.125,8.5,12.6,1177.9,90.1,4051,97.1,RE100,0.47,3.95,군,산악
2022,영월군,수력,5952,7626,53.68,15.366666666666667,3.125,8.5,12.6,1177.9,90.1,4051,97.1,RE100,0.09,1.47,군,산악
2022,영월군,바이오,4481,8978,71.09,15.366666666666667,3.125,8.5,12.6,1177.9,90.1,4051,97.1,RE100,0.06,1.11,군,산악
2022,영월군,폐기물,14114,12693,42.23,15.366666666666667,3.125,8.5,12.6,1177.9,90.1,4051,97.1,RE100,0.13,3.48,군,산악
2022,평창군,태양광,22355,11825,61.55,13.9325,4.0,10.6,12.108333333333334,892.1,79.7,4192,93.3,RE100,0.22,5.33,군,산악
2022,평창군,풍력,11546,3820,25.13,13.9325,4.0,10.6,12.108333333333334,892.1,79.7,4192,93.3,RE100,0.35,2.75,군,산악
2022,평창군,수력,14583,19483,58.47,13.9325,4.0,10.6,12.108333333333334,892.1,79.7,4192,93.3,RE100,0.09,3.48,군,산악
2022,평창군,바이오,19145,3616,63.49,13.9325,4.0,10.6,12.108333333333334,892.1,79.7,4192,93.3,RE100,0.6,4.57,군,산악
2022,평창군,폐기물,15863,6656,83.28,13.9325,4.0,10.6,12.108333333333334,892.1,79.7,4192,93.3,RE100,0.27,3.78,군,산악
2022,정선군,태양광,22346,8273,30.38,14.71,3.6666666666666665,8.6,14.258333333333333,788.9,84.6,3953,76.8,RE100,0.31,5.65,군,산악
2022,정선군,풍력,6040,8267,34.92,14.71,3.6666666666666665,8.6,14.258333333333333,788.9,84.6,3953,76.8,RE100,0.08,1.53,군,산악
2022,정선군,수력,39089,5448,53.96,14.71,3.6666666666666665,8.6,14.258333333333333,788.9,84.6,3953,76.8,RE100,0.82,9.89,군,산악
2022,정선군,바이오,27468,3361,37.4,14.71,3.6666666666666665,8.6,14.258333333333333,788.9,84.6,3953,76.8,RE100,0.93,6.95,군,산악
2022,정선군,폐기물,10183,5424,22.51,14.71,3.6666666666666665,8.6,14.258333333333333,788.9,84.6,3953,76.8,RE100,0.21,2.58,군,산악
2022,철원군,태양광,28001,11799,68.84,17.861666666666668,4.316666666666666,10.1,11.183333333333332,1155.2,89.5,4547,93.8,RE100,0.27,6.16,군,북부
2022,철원군,풍력,22795,14970,60.25,17.861666666666668,4.316666666666666,10.1,11.183333333333332,1155.2,89.5,4547,93.8,RE100,0.17,5.01,군,북부
2022,철원군,수력,28489,7750,41.37,17.861666666666668,4.316666666666666,10.1,11.183333333333332,1155.2,89.5,4547,93.8,RE100,0.42,6.26,군,북부
2022,철원군,바이오,28649,2304,82.59,17.861666666666668,4.316666666666666,10.1,11.183333333333332,1155.2,89.5,4547,93.8,RE100,1.42,6.3,군,북부
2022,철원군,폐기물,27203,12678,54.73,17.861666666666668,4.316666666666666,10.1,11.183333333333332,1155.2,89.5,4547,93.8,RE100,0.24,5.98,군,북부
2022,화천군,태양광,11541,6324,56.55,15.4625,3.5749999999999997,10.1,12.766666666666666,1132.5,90.9,3688,83.2,RE100,0.21,3.13,군,북부
2022,화천군,풍력,8415,10779,21.59,15.4625,3.5749999999999997,10.1,12.766666666666666,1132.5,90.9,3688,83.2,RE100,0.09,2.28,군,북부
2022,화천군,수력,29411,2893,22.46,15.4625,3.5749999999999997,10.1,12.766666666666666,1132.5,90.9,3688,83.2,RE100,1.16,7.97,군,북부
2022,화천군,바이오,11940,9786,34.78,15.4625,3.5749999999999997,10.1,12.766666666666666,1132.5,90.9,3688,83.2,RE100,0.14,3.24,군,북부
2022,화천군,폐기물,12046,3652,48.99,15.4625,3.5749999999999997,10.1,12.766666666666666,1132.5,90.9,3688,83.2,RE100,0.38,3.27,군,북부
2022,양구군,태양광,17746,11255,45.07,15.094999999999999,4.583333333333333,11.4,11.608333333333334,833.1,90.5,3478,97.4,RE100,0.18,5.1,군,북부
2022,양구군,풍력,30592,2596,23.09,15.094999999999999,4.583333333333333,11.4,11.608333333333334,833.1,90.5,3478,97.4,RE100,1.35,8.79,군,북부
2022,양구군,수력,22773,10807,38.15,15.094999999999999,4.583333333333333,11.4,11.608333333333334,833.1,90.5,3478,97.4,RE100,0.24,6.55,군,북부
2022,양구군,바이오,13888,11453,56.77,15.094999999999999,4.583333333333333,11.4,11.608333333333334,833.1,90.5,3478,97.4,RE100,0.14,3.99,군,북부
2022,양구군,폐기물,15294,2469,20.44,15.094999999999999,4.583333333333333,11.4,11.608333333333334,833.1,90.5,3478,97.4,RE100,0.71,4.4,군,북부
2022,인제군,태양광,19204,4040,23.07,13.465833333333334,3.908333333333333,10.8,11.658333333333333,1241.5,90.4,3091,93.4,RE100,0.54,6.21,군,산악
2022,인제군,풍력,26693,9275,37.66,13.465833333333334,3.908333333333333,10.8,11.658333333333333,1241.5,90.4,3091,93.4,RE100,0.33,8.63,군,산악
2022,인제군,수력,13893,6529,68.34,13.465833333333334,3.908333333333333,10.8,11.658333333333333,1241.5,90.4,3091,93.4,RE100,0.24,4.49,군,산악
2022,인제군,바이오,8423,10402,37.5,13.465833333333334,3.908333333333333,10.8,11.658333333333333,1241.5,90.4,3091,93.4,RE100,0.09,2.72,군,산악
2022,인제군,폐기물,8579,6764,46.13,13.465833333333334,3.908333333333333,10.8,11.658333333333333,1241.5,90.4,3091,93.4,RE100,0.14,2.77,군,산악
2022,고성군,태양광,12466,4105,57.06,17.589166666666667,5.2,14.0,12.016666666666666,988.7,86.6,1915,75.2,RE100,0.35,6.51,군,동해안
2022,고성군,풍력,13672,2243,17.93,17.589166666666667,5.2,14.0,12.016666666666666,988.7,86.6,1915,75.2,RE100,0.7,7.14,군,동해안
2022,고성군,수력,5108,11275,82.95,17.589166666666667,5.2,14.0,12.016666666666666,988.7,86.6,1915,75.2,RE100,0.05,2.67,군,동해안
2022,고성군,바이오,18383,4579,19.58,17.589166666666667,5.2,14.0,12.016666666666666,988.7,86.6,1915,75.2,RE100,0.46,9.59,군,동해안
2022,고성군,폐기물,5755,10454,77.78,17.589166666666667,5.2,14.0,12.016666666666666,988.7,86.6,1915,75.2,RE100,0.06,3.0,군,동해안
2022,양양군,태양광,15700,13211,40.49,20.174166666666668,4.716666666666667,11.1,12.658333333333333,760.1,84.6,2856,77.4,RE100,0.14,5.5,군,동해안
2022,양양군,풍력,9656,4703,38.84,20.174166666666668,4.716666666666667,11.1,12.658333333333333,760.1,84.6,2856,77.4,RE100,0.23,3.38,군,동해안
2022,양양군,수력,17774,3860,41.26,20.174166666666668,4.716666666666667,11.1,12.658333333333333,760.1,84.6,2856,77.4,RE100,0.53,6.22,군,동해안
2022,양양군,바이오,7774,7641,28.16,20.174166666666668,4.716666666666667,11.1,12.658333333333333,760.1,84.6,2856,77.4,RE100,0.12,2.72,군,동해안
2022,양양군,폐기물,26226,4925,47.42,20.174166666666668,4.716666666666667,11.1,12.658333333333333,760.1,84.6,2856,77.4,RE100,0.61,9.18,군,동해안
2023,춘천시,태양광,18120,12581,41.07,19.123333333333335,3.6333333333333333,8.4,14.908333333333333,824.0,88.1,11835,93.2,RE100,0.16,1.53,시,중부
2023,춘천시,풍력,11934,4203,69.9,19.123333333333335,3.6333333333333333,8.4,14.908333333333333,824.0,88.1,11835,93.2,RE100,0.32,1.01,시,중부
2023,춘천시,수력,16412,9797,48.24,19.123333333333335,3.6333333333333333,8.4,14.908333333333333,824.0,88.1,11835,93.2,RE100,0.19,1.39,시,중부
2023,춘천시,바이오,13852,2523,80.03,19.123333333333335,3.6333333333333333,8.4,14.908333333333333,824.0,88.1,11835,93.2,RE100,0.63,1.17,시,중부
2023,춘천시,폐기물,14900,7313,42.23,19.123333333333335,3.6333333333333333,8.4,14.908333333333333,824.0,88.1,11835,93.2,RE100,0.23,1.26,시,중부
2023,원주시,태양광,35746,17114,36.58,21.765,2.9583333333333335,8.4,13.408333333333333,1006.0,82.8,7261,83.9,RE100,0.24,4.92,시,중부
2023,원주시,풍력,21157,3816,19.83,21.765,2.9583333333333335,8.4,13.408333333333333,1006.0,82.8,7261,83.9,RE100,0.63,2.91,시,중부
2023,원주시,수력,26949,2187,34.59,21.765,2.9583333333333335,8.4,13.408333333333333,1006.0,82.8,7261,83.9,RE100,1.41,3.71,시,중부
2023,원주시,바이오,5819,12414,57.68,21.765,2.9583333333333335,8.4,13.408333333333333,1006.0,82.8,7261,83.9,RE100,0.05,0.8,시,중부
2023,원주시,폐기물,8736,10504,43.07,21.765,2.9583333333333335,8.4,13.408333333333333,1006.0,82.8,7261,83.9,RE100,0.09,1.2,시,중부
2023,강릉시,태양광,6780,3771,41.04,20.525000000000002,5.241666666666666,13.3,12.733333333333334,861.1,89.0,11619,97.3,RE100,0.21,0.58,시,동해안
2023,강릉시,풍력,39085,10454,46.37,20.525000000000002,5.241666666666666,13.3,12.733333333333334,861.1,89.0,11619,97.3,RE100,0.43,3.36,시,동해안
2023,강릉시,수력,15335,3092,15.27,20.525000000000002,5.241666666666666,13.3,12.733333333333334,861.1,89.0,11619,97.3,RE100,0.57,1.32,시,동해안
2023,강릉시,바이오,6886,3086,69.04,20.525000000000002,5.241666666666666,13.3,12.733333333333334,861.1,89.0,11619,97.3,RE100,0.25,0.59,시,동해안
2023,강릉시,폐기물,16164,11862,33.18,20.525000000000002,5.241666666666666,13.3,12.733333333333334,861.1,89.0,11619,97.3,RE100,0.16,1.39,시,동해안
2023,동해시,태양광,34738,16471,41.37,20.38083333333333,5.191666666666666,13.5,11.333333333333334,843.3,81.3,11939,85.2,RE100,0.24,2.91,시,동해안
2023,동해시,풍력,38263,10917,46.41,20.38083333333333,5.191666666666666,13.5,11.333333333333334,843.3,81.3,11939,85.2,RE100,0.4,3.2,시,동해안
2023,동해시,수력,11347,4866,48.93,20.38083333333333,5.191666666666666,13.5,11.333333333333334,843.3,81.3,11939,85.2,RE100,0.27,0.95,시,동해안
2023,동해시,바이오,25852,12324,16.21,20.38083333333333,5.191666666666666,13.5,11.333333333333334,843.3,81.3,11939,85.2,RE100,0.24,2.17,시,동해안
2023,동해시,폐기물,20920,8056,49.18,20.38083333333333,5.191666666666666,13.5,11.333333333333334,843.3,81.3,11939,85.2,RE100,0.3,1.75,시,동해안
2023,태백시,태양광,12716,2132,73.39,13.729166666666666,4.425,10.2,13.125,873.2,84.5,6904,82.3,RE100,0.68,1.84,시,산악
2023,태백시,풍력,33008,17928,25.85,13.729166666666666,4.425,10.2,13.125,873.2,84.5,6904,82.3,RE100,0.21,4.78,시,산악
2023,태백시,수력,31304,4858,60.14,13.729166666666666,4.425,10.2,13.125,873.2,84.5,6904,82.3,RE100,0.74,4.53,시,산악
2023,태백시,바이오,5648,8569,57.83,13.729166666666666,4.425,10.2,13.125,873.2,84.5,6904,82.3,RE100,0.08,0.82,시,산악
2023,태백시,폐기물,13899,12784,26.17,13.729166666666666,4.425,10.2,13.125,873.2,84.5,6904,82.3,RE100,0.12,2.01,시,산악
2023,속초시,태양광,6574,14073,20.79,21.09,5.533333333333334,14.2,10.5,909.3,103.1,13023,79.6,RE100,0.05,0.5,시,동해안
2023,속초시,풍력,18328,17594,59.61,21.09,5.533333333333334,14.2,10.5,909.3,103.1,13023,79.6,RE100,0.12,1.41,시,동해안
2023,속초시,수력,9091,6975,17.66,21.09,5.533333333333334,14.2,10.5,909.3,103.1,13023,79.6,RE100,0.15,0.7,시,동해안
2023,속초시,바이오,28784,4476,30.33,21.09,5.533333333333334,14.2,10.5,909.3,103.1,13023,79.6,RE100,0.73,2.21,시,동해안
2023,속초시,폐기물,23494,9035,36.88,21.09,5.533333333333334,14.2,10.5,909.3,103.1,13023,79.6,RE100,0.3,1.8,시,동해안
2023,삼척시,태양광,8525,7302,23.61,22.520833333333332,4.808333333333334,13.8,9.85,945.8,91.8,5524,95.9,RE100,0.13,1.54,시,동해안
2023,삼척시,풍력,18907,17844,53.19,22.520833333333332,4.808333333333334,13.8,9.85,945.8,91.8,5524,95.9,RE100,0.12,3.42,시,동해안
2023,삼척시,수력,7112,5414,68.02,22.520833333333332,4.808333333333334,13.8,9.85,945.8,91.8,5524,95.9,RE100,0.15,1.29,시,동해안
2023,삼척시,바이오,12964,1608,24.3,22.520833333333332,4.808333333333334,13.8,9.85,945.8,91.8,5524,95.9,RE100,0.92,2.35,시,동해안
2023,삼척시,폐기물,29480,9171,63.31,22.520833333333332,4.808333333333334,13.8,9.85,945.8,91.8,5524,95.9,RE100,0.37,5.34,시,동해안
2023,홍천군,태양광,21083,2398,36.57,17.268333333333334,3.4250000000000003,9.4,12.775,995.5,89.1,4413,82.6,RE100,1.0,4.78,군,중부
2023,홍천군,풍력,4508,5960,15.05,17.268333333333334,3.4250000000000003,9.4,12.775,995.5,89.1,4413,82.6,RE100,0.09,1.02,군,중부
2023,홍천군,수력,33598,5424,20.12,17.268333333333334,3.4250000000000003,9.4,12.775,995.5,89.1,4413,82.6,RE100,0.71,7.61,군,중부
2023,홍천군,바이오,10595,13832,83.03,17.268333333333334,3.4250000000000003,9.4,12.775,995.5,89.1,4413,82.6,RE100,0.09,2.4,군,중부
2023,홍천군,폐기물,19625,6536,41.65,17.268333333333334,3.4250000000000003,9.4,12.775,995.5,89.1,4413,82.6,RE100,0.34,4.45,군,중부
2023,횡성군,태양광,22211,8849,32.66,18.2425,3.2416666666666667,8.1,12.35,1092.8,83.6,3549,87.7,RE100,0.29,6.26,군,중부
2023,횡성군,풍력,24154,5981,16.75,18.2425,3.2416666666666667,8.1,12.35,1092.8,83.6,3549,87.7,RE100,0.46,6.8,군,중부
2023,횡성군,수력,5561,6995,64.88,18.2425,3.2416666666666667,8.1,12.35,1092.8,83.6,3549,87.7,RE100,0.09,1.57,군,중부
2023,횡성군,바이오,16716,14267,51.42,18.2425,3.2416666666666667,8.1,12.35,1092.8,83.6,3549,87.7,RE100,0.13,4.71,군,중부
2023,횡성군,폐기물,6987,14790,82.4,18.2425,3.2416666666666667,8.1,12.35,1092.8,83.6,3549,87.7,RE100,0.05,1.97,군,중부
2023,영월군,태양광,26360,10321,79.59,15.769166666666665,3.4333333333333336,8.8,12.108333333333334,884.5,84.1,3956,90.7,RE100,0.29,6.66,군,산악
2023,영월군,풍력,12113,9806,44.71,15.769166666666665,3.4333333333333336,8.8,12.108333333333334,884.5,84.1,3956,90.7,RE100,0.14,3.06,군,산악
2023,영월군,수력,35975,3560,43.85,15.769166666666665,3.4333333333333336,8.8,12.108333333333334,884.5,84.1,3956,90.7,RE100,1.15,9.09,군,산악
2023,영월군,바이오,14641,13808,58.84,15.769166666666665,3.4333333333333336,8.8,12.108333333333334,884.5,84.1,3956,90.7,RE100,0.12,3.7,군,산악
2023,영월군,폐기물,31235,5185,55.79,15.769166666666665,3.4333333333333336,8.8,12.108333333333334,884.5,84.1,3956,90.7,RE100,0.69,7.89,군,산악
2023,평창군,태양광,8899,6445,46.67,15.332500000000001,4.166666666666667,11.4,11.225,1114.5,78.1,4685,89.7,RE100,0.16,1.9,군,산악
2023,평창군,풍력,15857,12175,47.5,15.332500000000001,4.166666666666667,11.4,11.225,1114.5,78.1,4685,89.7,RE100,0.15,3.38,군,산악
2023,평창군,수력,9840,16596,80.52,15.332500000000001,4.166666666666667,11.4,11.225,1114.5,78.1,4685,89.7,RE100,0.07,2.1,군,산악
2023,평창군,바이오,27868,2040,19.14,15.332500000000001,4.166666666666667,11.4,11.225,1114.5,78.1,4685,89.7,RE100,1.56,5.95,군,산악
2023,평창군,폐기물,18264,11137,38.41,15.332500000000001,4.166666666666667,11.4,11.225,1114.5,78.1,4685,89.7,RE100,0.19,3.9,군,산악
2023,정선군,태양광,17007,3820,64.89,14.3225,4.083333333333333,10.4,13.733333333333334,882.5,95.3,1184,81.0,RE100,0.51,14.35,군,산악
2023,정선군,풍력,5235,3492,24.53,14.3225,4.083333333333333,10.4,13.733333333333334,882.5,95.3,1184,81.0,RE100,0.17,4.42,군,산악
2023,정선군,수력,7900,19015,48.33,14.3225,4.083333333333333,10.4,13.733333333333334,882.5,95.3,1184,81.0,RE100,0.05,6.67,군,산악
2023,정선군,바이오,12230,10337,72.23,14.3225,4.083333333333333,10.4,13.733333333333334,882.5,95.3,1184,81.0,RE100,0.14,10.32,군,산악
2023,정선군,폐기물,7404,3380,53.78,14.3225,4.083333333333333,10.4,13.733333333333334,882.5,95.3,1184,81.0,RE100,0.25,6.25,군,산악
2023,철원군,태양광,27855,3016,36.27,18.529166666666665,3.9250000000000003,11.8,13.758333333333333,1053.0,95.3,5151,82.7,RE100,1.05,5.41,군,북부
2023,철원군,풍력,11543,4350,59.1,18.529166666666665,3.9250000000000003,11.8,13.758333333333333,1053.0,95.3,5151,82.7,RE100,0.3,2.24,군,북부
2023,철원군,수력,22654,15390,64.93,18.529166666666665,3.9250000000000003,11.8,13.758333333333333,1053.0,95.3,5151,82.7,RE100,0.17,4.4,군,북부
2023,철원군,바이오,30809,8017,21.11,18.529166666666665,3.9250000000000003,11.8,13.758333333333333,1053.0,95.3,5151,82.7,RE100,0.44,5.98,군,북부
2023,철원군,폐기물,25636,6566,20.61,18.529166666666665,3.9250000000000003,11.8,13.758333333333333,1053.0,95.3,5151,82.7,RE100,0.45,4.98,군,북부
2023,화천군,태양광,11210,4652,67.78,15.344166666666666,3.908333333333333,10.6,12.616666666666667,1117.3,79.4,1378,76.5,RE100,0.28,8.13,군,북부
2023,화천군,풍력,25124,7412,79.23,15.344166666666666,3.908333333333333,10.6,12.616666666666667,1117.3,79.4,1378,76.5,RE100,0.39,18.22,군,북부
2023,화천군,수력,37883,10341,33.03,15.344166666666666,3.908333333333333,10.6,12.616666666666667,1117.3,79.4,1378,76.5,RE100,0.42,27.47,군,북부
2023,화천군,바이오,28980,5633,22.69,15.344166666666666,3.908333333333333,10.6,12.616666666666667,1117.3,79.4,1378,76.5,RE100,0.59,21.02,군,북부
2023,화천군,폐기물,23928,8012,82.6,15.344166666666666,3.908333333333333,10.6,12.616666666666667,1117.3,79.4,1378,76.5,RE100,0.34,17.35,군,북부
2023,양구군,태양광,22053,3085,53.49,14.935,4.166666666666667,11.6,10.566666666666668,1021.8,79.5,3056,83.1,RE100,0.82,7.21,군,북부
2023,양구군,풍력,9519,15660,35.64,14.935,4.166666666666667,11.6,10.566666666666668,1021.8,79.5,3056,83.1,RE100,0.07,3.11,군,북부
2023,양구군,수력,23633,3196,30.17,14.935,4.166666666666667,11.6,10.566666666666668,1021.8,79.5,3056,83.1,RE100,0.84,7.73,군,북부
2023,양구군,바이오,19616,14760,37.19,14.935,4.166666666666667,11.6,10.566666666666668,1021.8,79.5,3056,83.1,RE100,0.15,6.42,군,북부
2023,양구군,폐기물,12209,5076,35.3,14.935,4.166666666666667,11.6,10.566666666666668,1021.8,79.5,3056,83.1,RE100,0.27,3.99,군,북부
2023,인제군,태양광,10122,10177,27.37,13.151666666666666,3.9499999999999997,9.5,11.333333333333334,740.3,85.9,2471,75.3,RE100,0.11,4.09,군,산악
2023,인제군,풍력,19616,6609,15.66,13.151666666666666,3.9499999999999997,9.5,11.333333333333334,740.3,85.9,2471,75.3,RE100,0.34,7.94,군,산악
2023,인제군,수력,14654,18237,73.03,13.151666666666666,3.9499999999999997,9.5,11.333333333333334,740.3,85.9,2471,75.3,RE100,0.09,5.93,군,산악
2023,인제군,바이오,26772,12779,22.41,13.151666666666666,3.9499999999999997,9.5,11.333333333333334,740.3,85.9,2471,75.3,RE100,0.24,10.83,군,산악
2023,인제군,폐기물,25744,15057,79.13,13.151666666666666,3.9499999999999997,9.5,11.333333333333334,740.3,85.9,2471,75.3,RE100,0.2,10.41,군,산악
2023,고성군,태양광,16992,16989,84.76,18.206666666666667,5.116666666666666,12.3,11.983333333333334,809.5,78.4,2471,94.2,RE100,0.11,6.87,군,동해안
2023,고성군,풍력,7562,19286,74.06,18.206666666666667,5.116666666666666,12.3,11.983333333333334,809.5,78.4,2471,94.2,RE100,0.04,3.06,군,동해안
2023,고성군,수력,6375,2368,64.08,18.206666666666667,5.116666666666666,12.3,11.983333333333334,809.5,78.4,2471,94.2,RE100,0.31,2.58,군,동해안
2023,고성군,바이오,18096,9675,40.26,18.206666666666667,5.116666666666666,12.3,11.983333333333334,809.5,78.4,2471,94.2,RE100,0.21,7.32,군,동해안
2023,고성군,폐기물,24617,3667,64.18,18.206666666666667,5.116666666666666,12.3,11.983333333333334,809.5,78.4,2471,94.2,RE100,0.77,9.96,군,동해안
2023,양양군,태양광,12960,6055,48.46,19.580000000000002,4.633333333333334,11.3,14.658333333333333,878.2,84.6,1531,84.9,RE100,0.24,8.46,군,동해안
2023,양양군,풍력,35805,6160,76.21,19.580000000000002,4.633333333333334,11.3,14.658333333333333,878.2,84.6,1531,84.9,RE100,0.66,23.37,군,동해안
2023,양양군,수력,9859,3850,17.8,19.580000000000002,4.633333333333334,11.3,14.658333333333333,878.2,84.6,1531,84.9,RE100,0.29,6.44,군,동해안
2023,양양군,바이오,7100,12912,17.01,19.580000000000002,4.633333333333334,11.3,14.658333333333333,878.2,84.6,1531,84.9,RE100,0.06,4.63,군,동해안
2023,양양군,폐기물,25529,11865,50.47,19.580000000000002,4.633333333333334,11.3,14.658333333333333,878.2,84.6,1531,84.9,RE100,0.25,16.66,군,동해안
