날짜,지역,일사량_MJ/m2,일조시간_hr,평균기온_C,강수량_mm,평균풍속_m/s,최대풍속_m/s
2019-01-15,춘천시,11.79,4.5,4.2,119.5,2.9,5.3
2019-02-15,춘천시,14.62,9.6,4.1,75.2,4.1,7.4
2019-03-15,춘천시,19.64,10.7,7.9,35.1,2.6,4.6
2019-04-15,춘천시,23.93,8.6,10.7,122.6,3.0,5.5
2019-05-15,춘천시,22.68,10.5,16.5,40.0,3.8,6.8
2019-06-15,춘천시,24.53,7.0,28.0,30.8,3.1,5.7
2019-07-15,춘천시,22.48,10.9,26.3,109.4,2.6,4.6
2019-08-15,춘천시,29.65,8.9,28.2,122.4,3.5,6.3
2019-09-15,춘천시,23.24,7.8,9.4,74.9,2.9,5.2
2019-10-15,춘천시,23.07,4.4,12.4,104.7,3.5,6.4
2019-11-15,춘천시,19.31,9.7,11.6,92.4,2.4,4.2
2019-12-15,춘천시,14.36,8.9,0.7,83.4,5.1,9.2
2019-01-15,원주시,15.27,6.8,-3.4,79.2,2.4,4.4
2019-02-15,원주시,13.85,6.8,0.4,103.0,3.9,7.0
2019-03-15,원주시,17.69,4.3,13.6,103.6,3.1,5.6
2019-04-15,원주시,19.34,8.7,19.6,89.9,3.9,7.1
2019-05-15,원주시,23.69,6.0,17.7,98.8,3.9,7.1
2019-06-15,원주시,27.07,5.0,26.6,51.7,2.7,4.9
2019-07-15,원주시,29.87,4.3,25.3,95.1,2.3,4.2
2019-08-15,원주시,23.58,9.2,29.6,90.3,3.0,5.4
2019-09-15,원주시,19.53,6.8,16.3,83.6,3.3,6.0
2019-10-15,원주시,16.08,6.2,17.4,59.9,3.4,6.1
2019-11-15,원주시,15.79,4.2,15.6,94.8,3.5,6.3
2019-12-15,원주시,10.46,5.4,-9.5,115.2,3.3,5.9
2019-01-15,강릉시,14.77,9.2,2.1,41.6,6.7,12.0
2019-02-15,강릉시,12.31,10.7,-1.2,74.6,8.1,14.6
2019-03-15,강릉시,16.13,8.1,18.2,99.7,5.4,9.7
2019-04-15,강릉시,17.9,5.0,8.1,61.1,3.9,7.0
2019-05-15,강릉시,22.58,4.9,15.8,72.6,5.1,9.1
2019-06-15,강릉시,27.64,4.6,21.5,112.8,5.2,9.4
2019-07-15,강릉시,31.66,7.5,26.4,36.4,4.1,7.4
2019-08-15,강릉시,27.4,9.4,24.0,11.7,3.7,6.6
2019-09-15,강릉시,18.91,7.2,13.7,117.3,5.7,10.3
2019-10-15,강릉시,23.84,10.0,7.8,163.2,5.3,9.6
2019-11-15,강릉시,21.37,6.9,12.0,15.3,5.0,8.9
2019-12-15,강릉시,10.65,4.4,0.8,73.2,8.2,14.8
2019-01-15,동해시,16.72,8.0,4.8,105.7,6.8,12.3
2019-02-15,동해시,13.82,10.8,-7.8,92.2,5.4,9.7
2019-03-15,동해시,23.71,5.0,5.4,104.8,6.3,11.3
2019-04-15,동해시,16.56,9.8,15.5,32.8,4.4,7.9
2019-05-15,동해시,15.81,8.7,17.3,110.5,4.7,8.4
2019-06-15,동해시,26.89,7.6,29.6,40.6,5.1,9.2
2019-07-15,동해시,27.74,6.9,20.5,115.2,4.3,7.8
2019-08-15,동해시,24.66,4.2,21.5,59.7,4.4,7.9
2019-09-15,동해시,15.94,9.2,14.4,50.3,5.4,9.7
2019-10-15,동해시,18.54,6.3,10.6,35.9,6.3,11.3
2019-11-15,동해시,23.98,8.0,18.2,106.6,3.9,7.1
2019-12-15,동해시,11.55,6.2,0.6,80.2,5.9,10.6
2019-01-15,태백시,11.92,5.4,-2.5,117.6,4.0,7.2
2019-02-15,태백시,13.15,10.9,-4.6,74.4,3.8,6.8
2019-03-15,태백시,12.09,5.4,11.2,121.0,5.6,10.2
2019-04-15,태백시,17.48,8.6,13.6,111.8,3.3,5.9
2019-05-15,태백시,11.1,4.4,17.0,45.3,4.7,8.4
2019-06-15,태백시,17.62,5.0,28.0,95.4,2.6,4.8
2019-07-15,태백시,18.02,10.2,29.0,0.0,3.9,7.1
2019-08-15,태백시,20.19,5.2,28.1,124.4,3.2,5.8
2019-09-15,태백시,17.74,8.8,14.7,27.5,3.5,6.3
2019-10-15,태백시,15.98,9.0,19.9,88.0,4.8,8.6
2019-11-15,태백시,17.17,10.0,18.8,32.8,3.1,5.6
2019-12-15,태백시,9.22,9.2,1.4,159.6,3.7,6.7
2019-01-15,속초시,15.83,5.3,-6.3,70.8,5.1,9.1
2019-02-15,속초시,15.56,8.4,-2.0,30.2,5.0,9.0
2019-03-15,속초시,18.61,6.3,18.9,106.7,5.5,9.9
2019-04-15,속초시,20.25,4.9,9.2,65.2,6.1,10.9
2019-05-15,속초시,22.99,10.6,6.6,68.4,6.8,12.3
2019-06-15,속초시,27.93,5.3,20.8,48.7,4.8,8.6
2019-07-15,속초시,22.65,10.0,28.6,89.3,4.2,7.6
2019-08-15,속초시,23.64,10.7,20.3,58.5,3.1,5.6
2019-09-15,속초시,20.44,6.1,9.0,83.5,6.8,12.3
2019-10-15,속초시,16.94,7.3,15.6,34.6,4.5,8.1
2019-11-15,속초시,15.14,9.0,17.9,69.0,3.8,6.9
2019-12-15,속초시,14.97,7.7,-2.7,0.0,6.1,10.9
2019-01-15,삼척시,18.14,10.7,0.4,60.2,5.4,9.7
2019-02-15,삼척시,11.58,8.5,-4.3,99.7,5.4,9.7
2019-03-15,삼척시,20.16,8.3,19.8,58.0,4.8,8.6
2019-04-15,삼척시,18.0,10.3,16.4,104.8,6.3,11.3
2019-05-15,삼척시,22.85,6.1,5.9,60.5,4.5,8.1
2019-06-15,삼척시,26.53,9.1,21.1,144.5,2.8,5.1
2019-07-15,삼척시,24.76,4.1,27.8,35.8,4.1,7.4
2019-08-15,삼척시,29.1,9.0,24.3,36.1,5.0,8.9
2019-09-15,삼척시,19.37,5.1,13.9,109.3,5.3,9.5
2019-10-15,삼척시,25.72,4.3,14.1,106.4,5.2,9.4
2019-11-15,삼척시,16.6,5.9,9.2,125.1,3.3,5.9
2019-12-15,삼척시,14.35,4.5,-7.0,51.7,7.7,13.8
2019-01-15,홍천군,12.35,5.7,-0.7,142.7,2.8,5.0
2019-02-15,홍천군,8.39,5.7,-0.4,132.2,4.9,8.9
2019-03-15,홍천군,12.25,6.6,11.0,151.6,3.0,5.4
2019-04-15,홍천군,16.32,7.9,15.2,44.2,2.3,4.1
2019-05-15,홍천군,19.69,9.1,16.2,97.1,3.8,6.8
2019-06-15,홍천군,23.22,8.5,24.6,66.6,3.4,6.0
2019-07-15,홍천군,19.07,5.5,21.3,83.8,2.8,5.0
2019-08-15,홍천군,19.79,5.0,23.9,119.9,2.7,4.9
2019-09-15,홍천군,12.25,9.4,8.3,98.2,4.1,7.4
2019-10-15,홍천군,14.11,9.7,18.7,142.0,3.7,6.6
2019-11-15,홍천군,18.89,5.5,10.6,94.0,2.9,5.3
2019-12-15,홍천군,13.39,4.5,-2.0,105.5,4.0,7.3
2019-01-15,횡성군,13.84,8.5,-7.4,129.9,3.8,6.8
2019-02-15,횡성군,12.46,5.6,4.6,1.2,4.3,7.8
2019-03-15,횡성군,21.63,7.5,17.0,82.5,3.1,5.5
2019-04-15,횡성군,17.89,6.6,13.1,146.7,3.0,5.5
2019-05-15,횡성군,15.33,5.6,18.3,54.5,2.1,3.9
2019-06-15,횡성군,25.45,6.1,20.5,37.9,1.7,3.1
2019-07-15,횡성군,21.8,8.1,27.2,57.8,2.5,4.5
2019-08-15,횡성군,22.87,6.0,26.4,80.9,1.6,2.9
2019-09-15,횡성군,20.78,4.4,15.8,9.4,3.9,7.0
2019-10-15,횡성군,17.04,4.7,11.4,53.8,2.6,4.6
2019-11-15,횡성군,20.67,5.2,17.6,156.6,3.2,5.8
2019-12-15,횡성군,15.01,8.9,-8.3,109.6,4.6,8.3
2019-01-15,영월군,12.95,9.0,-9.8,101.9,4.8,8.7
2019-02-15,영월군,12.28,6.6,1.7,110.5,3.5,6.3
2019-03-15,영월군,19.27,10.0,19.6,40.8,2.3,4.1
2019-04-15,영월군,14.6,7.1,19.4,96.0,3.5,6.3
2019-05-15,영월군,12.38,4.4,18.0,131.8,3.5,6.3
2019-06-15,영월군,20.19,8.4,24.0,59.9,3.2,5.8
2019-07-15,영월군,18.13,5.1,27.4,117.2,3.4,6.2
2019-08-15,영월군,23.83,10.3,23.5,58.0,3.0,5.3
2019-09-15,영월군,15.09,9.8,15.6,100.6,4.2,7.6
2019-10-15,영월군,18.23,7.0,12.1,63.2,2.3,4.1
2019-11-15,영월군,13.21,11.0,10.4,101.0,4.3,7.8
2019-12-15,영월군,13.77,8.7,0.8,116.7,3.0,5.4
2019-01-15,평창군,8.63,10.2,-7.4,65.4,4.7,8.5
2019-02-15,평창군,12.06,8.8,3.1,81.5,5.1,9.2
2019-03-15,평창군,14.94,8.6,5.9,74.5,2.9,5.2
2019-04-15,평창군,17.0,10.1,5.7,61.8,4.5,8.2
2019-05-15,평창군,12.0,8.0,17.4,132.9,3.9,7.0
2019-06-15,평창군,20.63,5.2,29.4,106.4,2.6,4.7
2019-07-15,평창군,21.93,5.9,26.1,67.5,4.2,7.6
2019-08-15,평창군,19.64,8.3,21.2,123.9,3.3,6.0
2019-09-15,평창군,11.19,9.5,15.2,82.1,4.5,8.2
2019-10-15,평창군,16.88,4.2,6.2,95.4,3.7,6.6
2019-11-15,평창군,13.76,4.8,17.5,106.2,3.4,6.1
2019-12-15,평창군,8.32,10.9,1.4,124.7,5.7,10.3
2019-01-15,정선군,12.8,5.4,-9.2,57.0,5.4,9.8
2019-02-15,정선군,9.42,4.1,3.0,118.3,3.7,6.7
2019-03-15,정선군,17.13,9.2,11.1,129.8,4.1,7.4
2019-04-15,정선군,17.67,7.9,11.7,59.5,4.4,7.9
2019-05-15,정선군,17.26,10.1,14.8,144.1,2.7,4.9
2019-06-15,정선군,19.4,4.3,22.4,103.5,3.8,6.8
2019-07-15,정선군,19.91,9.7,22.2,32.6,3.5,6.3
2019-08-15,정선군,21.33,5.8,23.0,39.0,3.2,5.8
2019-09-15,정선군,15.04,5.8,14.8,31.0,4.2,7.5
2019-10-15,정선군,17.74,6.5,12.7,65.6,4.1,7.3
2019-11-15,정선군,11.54,5.1,5.0,122.8,4.2,7.6
2019-12-15,정선군,8.54,6.0,-3.3,91.0,5.5,10.0
2019-01-15,철원군,15.72,7.0,-2.2,79.5,5.7,10.3
2019-02-15,철원군,13.69,7.3,0.9,69.1,7.2,12.9
2019-03-15,철원군,15.81,8.6,14.1,41.3,5.4,9.7
2019-04-15,철원군,16.86,9.7,8.3,49.4,3.2,5.8
2019-05-15,철원군,13.22,9.3,15.7,91.3,5.9,10.7
2019-06-15,철원군,23.63,5.5,22.4,89.0,4.1,7.4
2019-07-15,철원군,20.98,5.8,25.0,104.0,2.9,5.2
2019-08-15,철원군,24.37,4.4,27.7,4.0,4.7,8.5
2019-09-15,철원군,14.26,6.8,18.8,84.1,4.2,7.5
2019-10-15,철원군,15.16,10.0,8.5,53.1,4.1,7.3
2019-11-15,철원군,16.91,5.0,6.7,73.8,3.9,7.0
2019-12-15,철원군,10.62,9.2,4.5,10.1,5.7,10.2
2019-01-15,화천군,11.26,6.8,-8.1,111.4,5.0,8.9
2019-02-15,화천군,12.3,6.1,1.8,127.2,5.3,9.5
2019-03-15,화천군,11.05,4.6,19.4,69.8,4.4,7.9
2019-04-15,화천군,14.99,7.1,14.9,101.6,3.2,5.8
2019-05-15,화천군,15.62,6.1,6.3,76.3,2.7,4.9
2019-06-15,화천군,19.66,7.6,28.1,102.9,3.4,6.1
2019-07-15,화천군,17.39,8.7,22.8,83.1,3.5,6.3
2019-08-15,화천군,21.91,10.6,23.1,110.1,2.7,4.9
2019-09-15,화천군,12.7,5.1,10.4,42.2,4.4,8.0
2019-10-15,화천군,13.14,5.8,19.2,50.1,2.8,5.1
2019-11-15,화천군,14.45,5.5,15.9,53.5,4.2,7.6
2019-12-15,화천군,12.04,9.0,4.7,78.1,4.5,8.0
2019-01-15,양구군,8.54,8.8,-4.0,67.5,6.3,11.3
2019-02-15,양구군,9.97,6.0,-0.8,46.2,6.4,11.5
2019-03-15,양구군,17.25,9.6,18.1,35.4,5.3,9.5
2019-04-15,양구군,14.02,7.4,16.2,91.0,5.2,9.3
2019-05-15,양구군,11.49,5.4,8.5,86.2,3.6,6.4
2019-06-15,양구군,21.6,10.8,28.2,57.8,2.3,4.2
2019-07-15,양구군,19.16,6.2,28.3,43.0,3.6,6.4
2019-08-15,양구군,16.91,8.3,21.9,62.9,3.9,7.0
2019-09-15,양구군,16.3,6.5,17.5,71.4,4.4,8.0
2019-10-15,양구군,16.91,8.0,18.7,101.9,4.7,8.5
2019-11-15,양구군,15.14,6.4,18.5,44.3,4.4,8.0
2019-12-15,양구군,8.07,10.2,-6.0,20.8,5.9,10.6
2019-01-15,인제군,7.54,10.4,4.4,112.8,5.4,9.8
2019-02-15,인제군,9.47,4.0,-5.8,113.9,5.8,10.4
2019-03-15,인제군,11.82,4.5,7.6,73.5,4.7,8.5
2019-04-15,인제군,11.8,8.4,8.4,35.1,2.7,4.9
2019-05-15,인제군,10.28,4.7,12.9,95.2,4.7,8.4
2019-06-15,인제군,17.33,5.8,27.3,75.8,2.4,4.3
2019-07-15,인제군,14.9,7.1,20.1,64.8,2.2,3.9
2019-08-15,인제군,16.45,8.2,26.8,58.1,3.8,6.8
2019-09-15,인제군,11.06,5.3,8.3,60.7,3.9,7.0
2019-10-15,인제군,12.53,5.9,14.5,32.8,4.6,8.3
2019-11-15,인제군,11.25,8.9,9.8,97.0,2.8,5.1
2019-12-15,인제군,8.62,6.7,-2.1,95.3,3.5,6.3
2019-01-15,고성군,13.84,8.0,-2.2,89.4,5.8,10.5
2019-02-15,고성군,9.45,4.0,-3.5,51.8,4.6,8.3
2019-03-15,고성군,14.61,7.3,5.3,112.8,6.2,11.1
2019-04-15,고성군,14.92,10.3,18.8,82.4,3.5,6.4
2019-05-15,고성군,19.16,7.1,12.6,93.7,6.6,11.9
2019-06-15,고성군,24.59,4.7,26.0,93.1,4.8,8.6
2019-07-15,고성군,21.59,10.6,21.6,45.8,2.9,5.3
2019-08-15,고성군,25.86,5.5,25.3,65.6,5.1,9.2
2019-09-15,고성군,13.56,5.4,20.0,152.0,6.9,12.4
2019-10-15,고성군,17.77,9.3,15.7,55.6,4.4,8.0
2019-11-15,고성군,20.75,4.4,15.4,27.5,4.5,8.0
2019-12-15,고성군,9.16,4.0,-8.4,90.4,5.8,10.4
2019-01-15,양양군,17.09,8.7,1.3,13.2,6.5,11.7
2019-02-15,양양군,12.44,6.0,-1.2,71.8,6.4,11.5
2019-03-15,양양군,19.54,9.1,17.4,94.8,6.3,11.4
2019-04-15,양양군,16.29,8.3,15.3,72.4,5.1,9.1
2019-05-15,양양군,18.95,6.8,17.1,92.9,5.5,9.8
2019-06-15,양양군,26.99,8.7,29.9,113.8,2.8,5.0
2019-07-15,양양군,29.88,9.1,28.8,10.4,4.7,8.5
2019-08-15,양양군,28.0,8.9,21.3,76.0,3.9,7.0
2019-09-15,양양군,20.87,10.9,14.8,164.9,5.3,9.6
2019-10-15,양양군,23.03,9.0,11.4,58.2,5.3,9.5
2019-11-15,양양군,16.37,5.4,19.8,127.4,4.9,8.8
2019-12-15,양양군,13.78,9.4,1.4,131.7,4.2,7.6
2020-01-15,춘천시,16.73,6.5,-0.2,135.7,3.3,5.9
2020-02-15,춘천시,13.53,10.0,-6.9,111.1,4.0,7.2
2020-03-15,춘천시,17.84,9.3,17.7,66.7,2.6,4.7
2020-04-15,춘천시,17.66,9.6,14.2,136.6,3.6,6.5
2020-05-15,춘천시,17.19,10.1,8.7,46.2,3.6,6.5
2020-06-15,춘천시,26.49,8.1,27.1,98.0,3.3,5.9
2020-07-15,춘천시,25.62,8.5,22.3,77.3,3.2,5.7
2020-08-15,춘천시,23.68,5.6,29.9,77.5,2.1,3.9
2020-09-15,춘천시,17.81,10.0,14.2,98.9,2.4,4.4
2020-10-15,춘천시,22.98,7.0,8.7,83.7,4.1,7.3
2020-11-15,춘천시,23.74,9.0,8.5,81.2,4.1,7.4
2020-12-15,춘천시,13.41,5.3,-2.3,100.3,5.0,9.0
2020-01-15,원주시,12.41,4.2,-0.2,87.4,3.6,6.6
2020-02-15,원주시,16.72,8.6,-6.8,10.9,3.1,5.5
2020-03-15,원주시,19.95,9.7,8.3,41.6,2.6,4.6
2020-04-15,원주시,20.39,8.5,8.6,126.6,2.3,4.1
2020-05-15,원주시,17.34,10.2,12.2,129.6,2.3,4.2
2020-06-15,원주시,28.01,4.3,21.3,57.8,2.4,4.3
2020-07-15,원주시,31.59,9.4,24.1,95.2,2.4,4.4
2020-08-15,원주시,26.45,8.0,25.7,61.5,1.7,3.1
2020-09-15,원주시,23.05,10.2,7.0,105.3,3.2,5.8
2020-10-15,원주시,16.48,4.2,18.8,94.7,3.5,6.4
2020-11-15,원주시,16.42,5.2,10.1,77.1,2.1,3.8
2020-12-15,원주시,18.27,6.3,3.0,55.5,3.6,6.4
2020-01-15,강릉시,16.2,7.3,3.5,81.5,8.0,14.4
2020-02-15,강릉시,19.33,8.3,-0.7,136.5,6.9,12.5
2020-03-15,강릉시,16.21,7.3,14.2,161.2,6.7,12.0
2020-04-15,강릉시,23.5,10.1,18.8,63.6,6.7,12.1
2020-05-15,강릉시,25.71,10.8,18.4,80.1,5.0,9.0
2020-06-15,강릉시,30.55,4.0,26.3,111.6,5.4,9.7
2020-07-15,강릉시,31.93,7.2,29.9,134.7,5.5,9.9
2020-08-15,강릉시,31.32,7.2,23.0,33.6,2.8,5.1
2020-09-15,강릉시,20.97,10.4,10.8,74.7,5.3,9.6
2020-10-15,강릉시,22.01,10.0,17.2,97.5,6.0,10.8
2020-11-15,강릉시,20.63,4.9,9.9,88.0,5.7,10.3
2020-12-15,강릉시,16.07,5.3,-2.6,83.6,6.5,11.7
2020-01-15,동해시,10.87,4.9,-4.0,91.5,7.6,13.8
2020-02-15,동해시,15.04,10.6,3.1,0.0,4.1,7.4
2020-03-15,동해시,18.57,9.5,10.0,43.0,4.7,8.5
2020-04-15,동해시,21.44,6.0,9.0,31.7,6.3,11.4
2020-05-15,동해시,22.15,9.5,16.6,84.0,3.9,6.9
2020-06-15,동해시,21.65,7.6,25.1,72.8,4.2,7.5
2020-07-15,동해시,25.03,8.3,25.8,93.0,4.1,7.5
2020-08-15,동해시,26.22,9.2,26.3,52.8,4.1,7.3
2020-09-15,동해시,19.5,9.7,17.4,82.7,4.0,7.2
2020-10-15,동해시,15.82,6.0,12.7,148.4,3.3,5.9
2020-11-15,동해시,21.74,8.2,13.4,87.5,3.6,6.5
2020-12-15,동해시,14.17,10.6,3.9,35.3,5.5,9.9
2020-01-15,태백시,8.94,7.1,4.4,68.6,4.5,8.1
2020-02-15,태백시,8.5,7.2,-4.3,127.8,6.1,11.0
2020-03-15,태백시,17.24,7.3,6.0,105.5,4.8,8.7
2020-04-15,태백시,16.5,4.4,16.7,116.4,3.3,5.9
2020-05-15,태백시,13.98,4.4,6.0,86.5,4.6,8.3
2020-06-15,태백시,20.43,10.8,30.0,106.0,3.7,6.7
2020-07-15,태백시,20.7,6.1,28.7,77.1,4.7,8.5
2020-08-15,태백시,21.26,10.1,29.6,0.0,2.6,4.6
2020-09-15,태백시,13.52,9.2,11.6,67.2,4.4,8.0
2020-10-15,태백시,15.8,8.2,7.9,74.7,5.9,10.7
2020-11-15,태백시,15.4,9.0,17.4,70.1,4.1,7.5
2020-12-15,태백시,7.65,6.5,-7.7,184.1,6.1,11.0
2020-01-15,속초시,14.75,6.5,1.3,88.2,6.2,11.1
2020-02-15,속초시,12.71,7.9,2.8,69.9,5.5,10.0
2020-03-15,속초시,19.68,5.0,14.3,88.3,6.5,11.7
2020-04-15,속초시,21.31,7.4,9.0,104.9,5.8,10.4
2020-05-15,속초시,23.7,8.9,11.7,118.4,6.0,10.7
2020-06-15,속초시,23.48,6.2,21.9,93.8,3.9,7.0
2020-07-15,속초시,25.83,5.9,21.2,18.1,5.0,9.0
2020-08-15,속초시,24.56,10.0,25.5,43.3,4.3,7.8
2020-09-15,속초시,20.4,8.8,12.3,5.9,5.8,10.5
2020-10-15,속초시,20.68,10.3,6.5,73.4,5.1,9.3
2020-11-15,속초시,20.87,4.9,14.2,39.4,6.1,11.1
2020-12-15,속초시,10.02,9.6,-3.8,52.4,7.9,14.2
2020-01-15,삼척시,11.2,10.4,-5.1,6.6,4.6,8.2
2020-02-15,삼척시,13.82,7.0,1.3,50.8,7.5,13.5
2020-03-15,삼척시,24.48,6.4,19.4,15.9,5.3,9.5
2020-04-15,삼척시,22.25,7.1,18.2,57.1,4.9,8.9
2020-05-15,삼척시,24.09,8.7,5.8,113.6,6.4,11.5
2020-06-15,삼척시,30.16,6.8,23.8,83.6,4.5,8.1
2020-07-15,삼척시,31.77,4.8,22.4,121.8,3.5,6.4
2020-08-15,삼척시,24.22,9.5,23.7,134.6,4.5,8.0
2020-09-15,삼척시,22.61,9.2,7.5,90.5,3.3,5.9
2020-10-15,삼척시,25.74,4.6,17.3,127.0,4.3,7.8
2020-11-15,삼척시,16.0,4.4,9.9,92.1,4.0,7.1
2020-12-15,삼척시,17.22,10.7,-0.7,104.1,6.7,12.0
2020-01-15,홍천군,14.54,10.6,-3.4,23.5,3.1,5.7
2020-02-15,홍천군,8.52,10.7,2.7,79.9,5.3,9.6
2020-03-15,홍천군,15.73,10.4,18.0,112.8,3.2,5.8
2020-04-15,홍천군,16.07,4.1,19.0,58.8,2.7,4.8
2020-05-15,홍천군,15.82,5.0,13.9,97.0,2.3,4.2
2020-06-15,홍천군,22.08,10.0,24.0,43.6,3.0,5.4
2020-07-15,홍천군,21.77,7.6,28.1,73.1,2.6,4.6
2020-08-15,홍천군,18.35,4.0,24.0,66.4,3.5,6.3
2020-09-15,홍천군,15.73,6.5,17.7,64.4,4.0,7.3
2020-10-15,홍천군,14.05,5.3,9.1,50.9,4.4,7.9
2020-11-15,홍천군,18.85,8.5,7.3,30.4,2.6,4.6
2020-12-15,홍천군,13.25,5.6,-5.0,73.7,5.1,9.2
2020-01-15,횡성군,10.27,8.5,-1.4,118.8,4.5,8.0
2020-02-15,횡성군,11.08,4.2,4.2,74.3,3.1,5.5
2020-03-15,횡성군,15.69,9.3,15.2,116.3,2.3,4.2
2020-04-15,횡성군,16.89,5.0,18.9,10.2,2.4,4.3
2020-05-15,횡성군,14.13,5.8,5.3,51.6,2.3,4.1
2020-06-15,횡성군,23.89,8.1,20.2,45.5,2.8,5.0
2020-07-15,횡성군,21.61,4.2,20.1,112.1,2.7,4.9
2020-08-15,횡성군,25.83,8.3,29.0,87.2,2.3,4.2
2020-09-15,횡성군,17.71,10.8,17.6,66.9,2.7,4.9
2020-10-15,횡성군,13.34,4.5,12.5,48.7,3.9,7.0
2020-11-15,횡성군,15.64,7.5,15.6,92.7,3.5,6.3
2020-12-15,횡성군,15.07,6.7,1.0,53.3,4.6,8.2
2020-01-15,영월군,13.5,9.5,-3.6,98.9,5.4,9.6
2020-02-15,영월군,12.29,8.8,-3.7,95.0,5.3,9.5
2020-03-15,영월군,14.96,9.2,17.1,55.1,3.8,6.8
2020-04-15,영월군,17.42,9.0,12.6,100.4,3.7,6.7
2020-05-15,영월군,14.72,6.4,10.8,34.7,3.9,7.0
2020-06-15,영월군,22.28,5.2,27.7,72.0,3.2,5.8
2020-07-15,영월군,23.94,4.6,29.3,69.2,3.3,6.0
2020-08-15,영월군,18.23,10.4,23.1,24.2,1.9,3.4
2020-09-15,영월군,15.38,7.9,8.0,0.0,3.0,5.4
2020-10-15,영월군,17.06,5.2,16.6,124.1,2.9,5.2
2020-11-15,영월군,15.57,5.8,14.0,84.8,3.1,5.5
2020-12-15,영월군,12.64,6.9,2.8,106.1,4.9,8.8
2020-01-15,평창군,9.53,5.9,-5.8,38.4,5.4,9.8
2020-02-15,평창군,10.13,10.7,0.5,91.0,4.8,8.6
2020-03-15,평창군,14.13,5.7,5.2,80.0,4.0,7.3
2020-04-15,평창군,15.57,6.9,6.0,41.7,4.2,7.6
2020-05-15,평창군,11.32,11.0,18.8,102.0,2.8,5.1
2020-06-15,평창군,18.11,5.2,24.0,71.7,2.8,5.0
2020-07-15,평창군,19.19,8.5,26.2,81.6,3.1,5.6
2020-08-15,평창군,18.72,8.4,27.5,113.4,3.3,5.9
2020-09-15,평창군,17.07,10.2,14.8,33.4,4.6,8.2
2020-10-15,평창군,16.11,5.7,15.0,124.2,4.0,7.2
2020-11-15,평창군,15.15,4.1,13.5,50.4,5.1,9.2
2020-12-15,평창군,7.71,4.1,2.4,74.3,5.0,9.1
2020-01-15,정선군,11.8,9.7,-4.3,67.0,3.2,5.8
2020-02-15,정선군,7.39,8.3,-7.1,23.4,4.9,8.8
2020-03-15,정선군,15.67,9.6,11.9,92.4,4.8,8.6
2020-04-15,정선군,14.96,4.2,10.8,0.0,3.6,6.4
2020-05-15,정선군,14.97,4.0,10.6,43.2,3.0,5.5
2020-06-15,정선군,21.2,6.5,23.0,134.9,3.7,6.6
2020-07-15,정선군,19.64,7.8,24.7,96.6,3.3,6.0
2020-08-15,정선군,17.72,8.5,29.6,124.9,2.1,3.8
2020-09-15,정선군,12.99,6.4,16.9,100.0,2.9,5.2
2020-10-15,정선군,15.26,8.0,18.9,87.5,3.2,5.8
2020-11-15,정선군,14.11,8.0,9.7,114.0,4.9,8.8
2020-12-15,정선군,9.99,9.4,-1.4,58.2,5.7,10.3
2020-01-15,철원군,15.27,4.3,0.5,103.3,4.5,8.1
2020-02-15,철원군,11.04,5.4,-3.4,108.4,4.9,8.9
2020-03-15,철원군,17.64,10.1,12.6,92.1,5.2,9.3
2020-04-15,철원군,16.59,8.5,19.3,131.5,4.8,8.7
2020-05-15,철원군,14.37,5.5,8.4,43.9,5.8,10.4
2020-06-15,철원군,21.46,10.4,29.8,81.8,3.9,7.0
2020-07-15,철원군,21.16,10.8,30.0,131.8,4.4,7.9
2020-08-15,철원군,23.96,7.2,27.9,79.2,3.6,6.6
2020-09-15,철원군,19.12,10.5,18.2,28.6,5.6,10.1
2020-10-15,철원군,20.69,5.1,5.5,39.9,5.8,10.5
2020-11-15,철원군,15.73,4.3,11.9,53.7,3.6,6.5
2020-12-15,철원군,10.87,7.2,2.5,139.0,5.7,10.2
2020-01-15,화천군,11.04,5.7,2.2,0.0,4.3,7.7
2020-02-15,화천군,12.94,4.4,4.7,0.0,3.6,6.5
2020-03-15,화천군,12.06,8.3,12.9,75.4,3.3,5.9
2020-04-15,화천군,16.31,5.7,13.0,86.6,3.3,5.9
2020-05-15,화천군,15.59,7.1,16.9,83.7,2.7,4.9
2020-06-15,화천군,21.7,8.2,24.4,61.1,3.2,5.8
2020-07-15,화천군,17.19,9.5,21.8,80.4,2.9,5.2
2020-08-15,화천군,16.78,10.3,26.1,22.1,4.0,7.1
2020-09-15,화천군,14.63,5.6,7.1,125.0,5.0,9.0
2020-10-15,화천군,14.8,8.8,14.8,103.7,3.1,5.7
2020-11-15,화천군,11.5,8.5,16.1,116.5,4.4,7.9
2020-12-15,화천군,13.43,10.7,-5.1,43.3,5.2,9.4
2020-01-15,양구군,9.32,5.5,1.0,72.8,6.2,11.1
2020-02-15,양구군,7.76,7.2,-7.9,0.0,5.6,10.0
2020-03-15,양구군,17.72,4.8,13.3,90.8,4.5,8.2
2020-04-15,양구군,16.01,10.0,8.4,93.7,4.1,7.4
2020-05-15,양구군,11.39,6.9,7.9,97.9,3.6,6.5
2020-06-15,양구군,20.05,8.6,24.0,63.4,3.5,6.3
2020-07-15,양구군,16.64,10.1,24.0,51.4,4.0,7.1
2020-08-15,양구군,21.57,9.4,23.2,36.2,2.2,4.0
2020-09-15,양구군,13.88,6.5,10.0,40.9,4.2,7.5
2020-10-15,양구군,16.58,4.5,16.7,92.4,3.1,5.5
2020-11-15,양구군,10.97,7.4,14.4,51.7,3.0,5.4
2020-12-15,양구군,9.24,10.7,-5.9,20.2,5.9,10.6
2020-01-15,인제군,8.8,8.1,-3.0,107.3,5.4,9.8
2020-02-15,인제군,7.29,7.3,-7.3,149.1,3.4,6.2
2020-03-15,인제군,12.02,10.6,16.6,84.6,2.5,4.5
2020-04-15,인제군,11.65,5.6,12.4,76.5,3.2,5.8
2020-05-15,인제군,10.06,7.6,7.9,90.1,2.5,4.6
2020-06-15,인제군,18.96,6.3,27.7,89.8,3.6,6.5
2020-07-15,인제군,16.95,9.4,29.2,100.2,2.7,4.8
2020-08-15,인제군,19.51,10.8,24.1,79.8,4.0,7.2
2020-09-15,인제군,14.62,7.7,17.8,0.0,4.7,8.5
2020-10-15,인제군,11.43,4.7,14.0,72.5,4.1,7.5
2020-11-15,인제군,12.47,8.0,19.0,179.7,2.8,5.0
2020-12-15,인제군,9.99,9.2,4.0,84.7,3.7,6.7
2020-01-15,고성군,8.85,8.4,-5.7,131.1,7.9,14.3
2020-02-15,고성군,14.51,4.7,2.9,45.4,6.9,12.4
2020-03-15,고성군,20.54,5.2,17.9,95.3,5.0,9.1
2020-04-15,고성군,14.77,4.3,11.5,91.5,6.2,11.2
2020-05-15,고성군,18.53,7.1,11.3,25.8,3.7,6.6
2020-06-15,고성군,21.75,8.6,28.4,72.3,2.9,5.2
2020-07-15,고성군,25.95,10.2,26.3,103.3,5.0,8.9
2020-08-15,고성군,25.24,6.5,23.3,87.8,4.0,7.3
2020-09-15,고성군,18.75,10.3,16.7,18.1,4.5,8.2
2020-10-15,고성군,18.61,4.4,15.8,60.0,5.5,9.8
2020-11-15,고성군,17.52,5.3,16.9,58.0,3.7,6.6
2020-12-15,고성군,11.07,9.2,4.1,95.3,4.5,8.1
2020-01-15,양양군,16.08,10.0,-6.4,110.4,6.7,12.0
2020-02-15,양양군,15.86,10.4,-2.3,46.1,7.1,12.8
2020-03-15,양양군,22.95,5.3,7.1,91.4,3.7,6.6
2020-04-15,양양군,22.73,10.9,16.0,124.2,3.7,6.7
2020-05-15,양양군,18.06,9.0,16.9,100.3,6.4,11.6
2020-06-15,양양군,23.98,7.5,21.9,40.2,3.8,6.9
2020-07-15,양양군,27.02,10.4,29.3,199.7,4.4,8.0
2020-08-15,양양군,22.18,5.1,24.9,71.5,4.8,8.6
2020-09-15,양양군,21.73,10.6,11.5,148.9,5.1,9.1
2020-10-15,양양군,18.41,9.5,9.3,130.8,4.9,8.9
2020-11-15,양양군,19.05,5.8,15.6,59.4,6.3,11.3
2020-12-15,양양군,14.96,10.3,-9.6,109.1,7.4,13.3
2021-01-15,춘천시,16.73,10.1,-7.6,146.7,2.9,5.3
2021-02-15,춘천시,11.36,10.5,-4.3,62.1,3.0,5.5
2021-03-15,춘천시,15.02,9.1,19.7,84.0,3.9,7.1
2021-04-15,춘천시,18.42,5.7,13.2,104.8,3.0,5.5
2021-05-15,춘천시,23.63,9.9,15.7,55.2,3.2,5.8
2021-06-15,춘천시,25.81,7.4,29.0,117.8,2.3,4.2
2021-07-15,춘천시,28.32,4.1,29.8,116.7,1.8,3.3
2021-08-15,춘천시,28.97,5.4,20.9,48.8,2.6,4.7
2021-09-15,춘천시,19.87,8.4,8.4,92.6,2.3,4.2
2021-10-15,춘천시,17.99,8.8,17.5,93.2,3.4,6.1
2021-11-15,춘천시,19.97,8.5,9.3,94.2,3.6,6.4
2021-12-15,춘천시,16.65,9.9,3.5,113.7,4.6,8.2
2021-01-15,원주시,11.77,9.5,-0.4,100.6,2.5,4.4
2021-02-15,원주시,17.83,9.7,-7.8,137.1,4.4,7.9
2021-03-15,원주시,17.79,6.8,7.2,58.5,3.1,5.6
2021-04-15,원주시,19.87,6.3,7.4,70.1,2.6,4.6
2021-05-15,원주시,24.35,8.6,12.6,98.4,2.6,4.7
2021-06-15,원주시,27.12,7.4,26.3,156.0,1.7,3.1
2021-07-15,원주시,27.16,10.0,20.2,103.4,1.6,3.0
2021-08-15,원주시,28.72,10.3,21.8,109.5,1.6,2.9
2021-09-15,원주시,16.62,4.5,13.3,0.0,3.8,6.8
2021-10-15,원주시,23.62,10.3,17.4,61.8,2.9,5.3
2021-11-15,원주시,17.2,5.6,17.6,124.8,3.6,6.6
2021-12-15,원주시,12.66,4.4,-8.8,82.8,4.8,8.6
2021-01-15,강릉시,14.25,6.3,-7.7,34.9,7.7,13.9
2021-02-15,강릉시,17.64,6.6,-0.8,128.8,6.6,11.9
2021-03-15,강릉시,25.15,4.3,14.2,107.1,6.2,11.1
2021-04-15,강릉시,20.65,4.4,16.3,87.6,6.4,11.5
2021-05-15,강릉시,22.7,4.9,15.8,97.1,5.3,9.5
2021-06-15,강릉시,27.06,4.5,20.3,154.9,4.1,7.3
2021-07-15,강릉시,32.48,5.6,24.1,89.2,4.0,7.2
2021-08-15,강릉시,23.44,9.3,24.9,23.1,4.4,7.9
2021-09-15,강릉시,18.64,4.8,9.7,99.7,6.5,11.7
2021-10-15,강릉시,21.43,6.7,18.7,12.4,3.6,6.4
2021-11-15,강릉시,24.49,5.1,17.4,3.9,6.7,12.1
2021-12-15,강릉시,16.38,4.8,-9.7,81.2,7.0,12.7
2021-01-15,동해시,17.24,6.5,4.1,32.5,6.5,11.6
2021-02-15,동해시,13.45,9.7,-6.1,27.4,6.9,12.4
2021-03-15,동해시,23.91,4.4,9.5,174.8,4.7,8.4
2021-04-15,동해시,22.17,4.6,13.4,69.2,6.1,11.0
2021-05-15,동해시,16.87,9.7,10.0,115.3,5.2,9.4
2021-06-15,동해시,22.5,7.6,24.6,66.4,3.6,6.5
2021-07-15,동해시,28.21,4.9,20.9,120.9,3.4,6.2
2021-08-15,동해시,28.02,6.8,23.7,67.4,3.8,6.8
2021-09-15,동해시,19.42,9.0,18.1,49.2,6.0,10.9
2021-10-15,동해시,21.13,8.8,8.9,47.9,4.2,7.6
2021-11-15,동해시,17.45,8.6,17.2,125.5,3.4,6.1
2021-12-15,동해시,16.47,9.6,-0.7,36.2,4.9,8.9
2021-01-15,태백시,12.05,5.7,-9.5,88.7,3.9,7.0
2021-02-15,태백시,8.59,8.1,4.3,135.1,5.7,10.3
2021-03-15,태백시,15.81,6.0,17.0,27.4,3.7,6.7
2021-04-15,태백시,10.96,10.2,16.6,37.7,3.8,6.9
2021-05-15,태백시,14.29,8.6,16.4,62.8,5.0,9.1
2021-06-15,태백시,21.58,5.5,28.3,51.2,3.7,6.6
2021-07-15,태백시,17.42,8.1,22.5,62.6,3.8,6.9
2021-08-15,태백시,16.37,7.7,26.9,84.9,3.4,6.1
2021-09-15,태백시,17.01,7.2,8.0,143.8,5.9,10.6
2021-10-15,태백시,16.04,10.6,6.6,135.8,6.0,10.8
2021-11-15,태백시,17.98,6.7,12.4,107.7,3.5,6.3
2021-12-15,태백시,12.46,4.3,2.2,34.0,5.0,8.9
2021-01-15,속초시,17.92,9.4,-2.3,97.8,4.8,8.7
2021-02-15,속초시,9.72,7.8,-5.6,88.8,7.1,12.8
2021-03-15,속초시,23.87,4.2,7.4,109.5,6.1,11.0
2021-04-15,속초시,23.56,5.2,6.1,90.1,5.9,10.7
2021-05-15,속초시,20.8,8.6,8.0,91.4,5.2,9.3
2021-06-15,속초시,25.16,10.2,20.6,52.3,4.2,7.5
2021-07-15,속초시,29.59,7.8,22.8,34.1,5.9,10.7
2021-08-15,속초시,27.51,5.5,29.4,74.0,5.4,9.7
2021-09-15,속초시,21.72,10.2,19.3,100.2,4.6,8.3
2021-10-15,속초시,19.94,9.4,8.4,103.8,5.5,9.9
2021-11-15,속초시,21.75,9.1,11.6,85.8,6.1,11.1
2021-12-15,속초시,15.6,10.1,3.9,41.2,6.2,11.2
2021-01-15,삼척시,11.22,8.4,0.9,32.9,7.7,13.9
2021-02-15,삼척시,14.46,9.4,2.3,46.3,5.9,10.6
2021-03-15,삼척시,23.06,4.1,18.5,116.3,5.2,9.4
2021-04-15,삼척시,16.26,8.8,13.2,63.2,6.0,10.8
2021-05-15,삼척시,16.06,8.1,10.7,208.0,5.8,10.4
2021-06-15,삼척시,30.19,5.5,29.9,68.7,3.9,7.0
2021-07-15,삼척시,28.38,4.9,27.0,130.8,2.7,4.9
2021-08-15,삼척시,28.19,10.9,20.2,101.8,4.2,7.5
2021-09-15,삼척시,23.81,9.6,15.3,59.3,5.8,10.5
2021-10-15,삼척시,18.38,7.1,7.3,151.9,3.9,7.0
2021-11-15,삼척시,18.36,5.8,6.8,113.6,3.8,6.8
2021-12-15,삼척시,18.45,6.7,-4.3,81.2,4.7,8.5
2021-01-15,홍천군,12.61,10.1,-8.2,82.5,3.9,6.9
2021-02-15,홍천군,12.54,4.0,1.2,52.9,4.6,8.3
2021-03-15,홍천군,18.99,4.9,8.2,35.2,3.9,7.0
2021-04-15,홍천군,17.28,9.8,9.5,30.3,3.6,6.5
2021-05-15,홍천군,18.57,10.8,6.9,156.4,2.8,5.1
2021-06-15,홍천군,24.56,10.1,22.2,91.2,1.9,3.3
2021-07-15,홍천군,23.05,9.5,23.4,123.4,3.6,6.4
2021-08-15,홍천군,19.86,4.0,25.4,25.6,2.0,3.6
2021-09-15,홍천군,17.92,8.1,11.0,39.1,3.2,5.8
2021-10-15,홍천군,15.24,4.7,5.5,42.4,2.3,4.2
2021-11-15,홍천군,18.77,4.8,12.4,87.7,4.1,7.4
2021-12-15,홍천군,8.44,10.7,1.8,92.3,5.3,9.6
2021-01-15,횡성군,13.18,4.9,-7.0,119.9,4.1,7.4
2021-02-15,횡성군,11.16,7.9,4.9,56.1,3.2,5.7
2021-03-15,횡성군,14.75,9.3,15.0,59.1,2.9,5.3
2021-04-15,횡성군,13.34,8.0,9.3,123.4,2.8,5.1
2021-05-15,횡성군,19.81,5.9,19.5,181.1,2.8,5.0
2021-06-15,횡성군,27.1,5.1,27.7,75.4,1.6,2.9
2021-07-15,횡성군,21.36,7.2,21.1,105.5,2.7,4.9
2021-08-15,횡성군,21.78,5.8,21.5,136.5,1.9,3.4
2021-09-15,횡성군,21.93,10.5,7.7,82.2,2.0,3.6
2021-10-15,횡성군,17.31,10.2,12.3,81.9,4.0,7.2
2021-11-15,횡성군,20.17,5.3,5.9,65.8,3.5,6.4
2021-12-15,횡성군,10.55,10.9,-5.1,70.6,4.4,8.0
2021-01-15,영월군,9.87,4.1,-2.4,0.0,3.1,5.6
2021-02-15,영월군,14.03,8.1,3.1,0.0,4.2,7.5
2021-03-15,영월군,16.11,6.3,7.7,124.4,2.5,4.5
2021-04-15,영월군,16.24,6.3,12.8,73.4,3.2,5.8
2021-05-15,영월군,18.95,10.8,10.1,86.1,3.6,6.6
2021-06-15,영월군,21.53,4.1,21.3,47.9,2.6,4.7
2021-07-15,영월군,21.96,10.6,23.1,96.9,2.8,5.0
2021-08-15,영월군,23.09,10.3,27.8,124.8,3.3,6.0
2021-09-15,영월군,14.3,8.8,5.2,19.2,2.9,5.3
2021-10-15,영월군,14.27,7.2,8.1,68.9,2.3,4.2
2021-11-15,영월군,19.96,4.7,7.4,49.9,4.0,7.2
2021-12-15,영월군,10.97,7.5,3.6,60.3,3.4,6.2
2021-01-15,평창군,9.76,4.3,-5.9,110.2,5.8,10.5
2021-02-15,평창군,8.63,7.7,-0.6,103.4,3.8,6.8
2021-03-15,평창군,15.58,7.2,15.6,61.7,2.9,5.3
2021-04-15,평창군,13.75,7.8,12.3,0.0,3.6,6.4
2021-05-15,평창군,11.95,7.3,18.1,109.2,2.9,5.3
2021-06-15,평창군,16.7,6.8,26.4,105.1,2.6,4.7
2021-07-15,평창군,19.9,5.6,27.3,104.9,3.3,5.9
2021-08-15,평창군,20.43,8.6,21.1,1.2,4.3,7.8
2021-09-15,평창군,14.43,7.9,6.3,32.8,3.0,5.3
2021-10-15,평창군,16.6,6.2,13.3,37.9,3.7,6.6
2021-11-15,평창군,11.28,6.7,10.8,70.8,4.9,8.8
2021-12-15,평창군,13.05,5.8,-4.1,60.6,5.9,10.6
2021-01-15,정선군,9.76,9.4,1.4,102.0,3.2,5.8
2021-02-15,정선군,11.71,4.9,1.4,93.0,4.0,7.1
2021-03-15,정선군,11.75,8.7,6.3,109.8,4.5,8.1
2021-04-15,정선군,12.32,10.4,13.5,136.2,4.9,8.9
2021-05-15,정선군,11.61,9.4,17.7,138.4,3.7,6.6
2021-06-15,정선군,21.9,5.5,27.6,117.8,2.6,4.6
2021-07-15,정선군,18.96,6.8,29.9,109.5,2.3,4.1
2021-08-15,정선군,21.16,8.6,28.5,70.9,2.8,5.0
2021-09-15,정선군,13.47,10.8,7.5,111.8,4.7,8.5
2021-10-15,정선군,13.14,6.3,14.6,25.6,3.6,6.4
2021-11-15,정선군,16.38,10.9,11.2,41.6,3.7,6.7
2021-12-15,정선군,10.03,10.6,2.5,69.6,4.8,8.7
2021-01-15,철원군,9.52,5.0,-3.1,98.1,5.7,10.3
2021-02-15,철원군,12.97,7.2,-8.7,63.2,5.9,10.7
2021-03-15,철원군,19.31,10.5,15.4,97.6,4.1,7.3
2021-04-15,철원군,19.88,5.6,11.4,84.4,3.7,6.7
2021-05-15,철원군,17.51,7.1,10.1,80.6,3.3,5.9
2021-06-15,철원군,24.89,10.0,25.7,75.9,3.5,6.4
2021-07-15,철원군,23.78,9.0,26.0,60.2,4.1,7.4
2021-08-15,철원군,27.4,10.3,24.9,93.3,2.7,4.8
2021-09-15,철원군,18.76,7.2,10.9,15.4,4.1,7.3
2021-10-15,철원군,15.8,10.9,8.5,108.0,3.1,5.5
2021-11-15,철원군,16.75,5.7,9.7,88.5,3.0,5.5
2021-12-15,철원군,11.3,5.4,3.6,121.8,6.6,11.9
2021-01-15,화천군,9.63,4.5,-8.4,65.7,4.4,8.0
2021-02-15,화천군,12.16,4.8,2.4,0.7,4.5,8.1
2021-03-15,화천군,14.51,7.6,10.6,112.0,4.4,8.0
2021-04-15,화천군,12.12,8.8,8.9,104.6,4.2,7.6
2021-05-15,화천군,11.61,6.3,18.7,68.1,2.9,5.3
2021-06-15,화천군,21.6,7.3,21.3,11.8,2.9,5.3
2021-07-15,화천군,19.54,4.7,29.9,69.9,2.8,5.1
2021-08-15,화천군,16.46,7.6,28.9,75.0,3.8,6.8
2021-09-15,화천군,11.91,4.6,15.1,134.7,3.4,6.2
2021-10-15,화천군,16.78,6.1,5.6,102.8,3.7,6.7
2021-11-15,화천군,11.22,5.6,13.5,88.8,4.6,8.3
2021-12-15,화천군,10.53,5.5,1.8,101.4,5.9,10.6
2021-01-15,양구군,12.98,7.1,-2.9,108.7,3.6,6.4
2021-02-15,양구군,12.33,7.0,4.3,25.6,5.1,9.1
2021-03-15,양구군,14.17,9.5,13.6,18.2,4.2,7.6
2021-04-15,양구군,15.97,4.1,11.1,31.5,5.3,9.5
2021-05-15,양구군,15.21,6.8,13.9,67.9,4.1,7.4
2021-06-15,양구군,21.58,7.8,26.9,0.0,4.4,7.8
2021-07-15,양구군,19.91,10.8,29.0,154.2,4.1,7.4
2021-08-15,양구군,16.47,5.9,25.7,69.3,3.5,6.4
2021-09-15,양구군,16.2,10.7,11.5,115.8,3.1,5.5
2021-10-15,양구군,16.51,10.0,16.4,90.3,3.8,6.9
2021-11-15,양구군,15.9,6.2,11.6,17.6,4.6,8.2
2021-12-15,양구군,8.25,6.2,-5.1,53.8,4.1,7.4
2021-01-15,인제군,6.75,4.4,-8.2,83.0,5.9,10.6
2021-02-15,인제군,11.88,9.8,-6.6,32.3,3.9,7.0
2021-03-15,인제군,11.46,10.9,15.5,41.0,2.5,4.5
2021-04-15,인제군,9.91,8.2,18.7,0.0,4.6,8.3
2021-05-15,인제군,11.33,7.5,13.2,76.8,3.0,5.4
2021-06-15,인제군,15.43,10.6,23.6,71.9,3.5,6.2
2021-07-15,인제군,14.97,6.3,23.7,29.2,2.8,5.0
2021-08-15,인제군,17.48,6.5,23.3,49.8,3.5,6.3
2021-09-15,인제군,9.75,7.5,8.3,58.7,2.7,4.9
2021-10-15,인제군,14.62,6.8,18.0,107.3,2.6,4.6
2021-11-15,인제군,15.56,8.5,8.6,101.3,4.2,7.5
2021-12-15,인제군,10.13,6.6,1.7,23.4,4.5,8.0
2021-01-15,고성군,14.1,8.2,-2.8,164.9,7.6,13.7
2021-02-15,고성군,13.16,5.9,-2.5,161.8,7.1,12.8
2021-03-15,고성군,20.3,9.0,7.8,79.6,3.6,6.6
2021-04-15,고성군,18.54,8.3,12.6,89.4,3.8,6.9
2021-05-15,고성군,19.75,5.4,5.3,0.3,6.5,11.7
2021-06-15,고성군,22.32,9.1,21.5,34.0,4.2,7.6
2021-07-15,고성군,25.78,6.1,21.2,54.5,4.7,8.4
2021-08-15,고성군,23.68,7.9,28.3,95.6,3.8,6.9
2021-09-15,고성군,16.09,10.6,6.1,120.1,6.4,11.6
2021-10-15,고성군,15.52,5.9,18.2,177.0,5.3,9.5
2021-11-15,고성군,13.84,8.6,18.4,115.5,4.0,7.2
2021-12-15,고성군,14.23,7.4,-8.6,114.0,5.2,9.4
2021-01-15,양양군,10.55,7.8,4.9,110.1,5.9,10.6
2021-02-15,양양군,11.72,6.1,-7.2,102.4,5.9,10.6
2021-03-15,양양군,14.51,10.0,18.4,28.4,5.9,10.6
2021-04-15,양양군,21.11,10.8,17.0,98.4,6.2,11.1
2021-05-15,양양군,18.59,5.8,5.9,152.1,4.1,7.3
2021-06-15,양양군,22.16,5.3,22.1,83.7,5.0,9.1
2021-07-15,양양군,25.43,5.9,21.2,78.2,3.9,7.0
2021-08-15,양양군,23.74,5.9,25.3,49.8,2.9,5.2
2021-09-15,양양군,17.48,8.1,13.4,104.7,6.1,10.9
2021-10-15,양양군,18.27,8.8,5.7,85.0,3.4,6.1
2021-11-15,양양군,21.15,7.8,18.0,182.8,6.0,10.8
2021-12-15,양양군,12.89,10.2,3.0,49.7,5.0,9.0
2022-01-15,춘천시,11.25,7.2,-5.0,69.7,4.8,8.6
2022-02-15,춘천시,14.48,7.9,-6.5,84.6,5.3,9.5
2022-03-15,춘천시,14.48,9.7,11.9,68.8,4.1,7.4
2022-04-15,춘천시,19.09,5.4,9.9,49.6,3.6,6.5
2022-05-15,춘천시,15.38,10.2,6.3,99.4,2.8,5.1
2022-06-15,춘천시,29.28,5.9,25.6,83.2,3.5,6.4
2022-07-15,춘천시,28.81,7.2,20.6,136.6,3.4,6.1
2022-08-15,춘천시,28.61,8.3,26.4,127.4,2.1,3.8
2022-09-15,춘천시,21.18,4.5,5.7,117.7,3.6,6.6
2022-10-15,춘천시,17.5,10.9,7.0,92.3,3.3,6.0
2022-11-15,춘천시,19.21,10.9,7.2,49.0,2.4,4.4
2022-12-15,춘천시,10.61,4.3,2.9,111.2,4.2,7.6
2022-01-15,원주시,12.85,4.6,3.0,81.2,3.8,6.8
2022-02-15,원주시,16.98,10.3,-5.7,56.4,3.7,6.6
2022-03-15,원주시,19.24,10.7,7.5,127.6,3.1,5.6
2022-04-15,원주시,21.19,9.4,8.4,100.1,2.1,3.7
2022-05-15,원주시,21.5,4.6,6.8,60.0,2.4,4.3
2022-06-15,원주시,28.7,8.7,20.7,100.0,2.2,3.9
2022-07-15,원주시,30.21,8.1,26.8,86.9,1.8,3.2
2022-08-15,원주시,31.7,4.8,24.3,28.3,2.8,5.1
2022-09-15,원주시,24.31,6.5,5.5,76.3,2.4,4.4
2022-10-15,원주시,23.48,7.7,8.3,49.9,3.2,5.8
2022-11-15,원주시,21.45,6.8,15.5,69.8,2.9,5.2
2022-12-15,원주시,18.05,9.7,-0.8,116.8,4.0,7.2
2022-01-15,강릉시,19.26,8.9,-6.5,0.0,7.0,12.5
2022-02-15,강릉시,11.55,10.0,-1.7,152.4,5.6,10.0
2022-03-15,강릉시,25.67,7.5,18.3,78.4,3.8,6.9
2022-04-15,강릉시,21.61,5.5,13.7,62.6,5.7,10.2
2022-05-15,강릉시,19.49,9.5,10.6,51.5,4.6,8.3
2022-06-15,강릉시,28.26,8.2,27.2,135.9,3.5,6.4
2022-07-15,강릉시,25.03,9.9,25.1,55.5,3.9,7.0
2022-08-15,강릉시,26.19,5.2,24.2,92.7,4.9,8.8
2022-09-15,강릉시,19.32,4.8,17.7,54.8,4.2,7.6
2022-10-15,강릉시,20.91,7.2,11.8,69.0,3.9,6.9
2022-11-15,강릉시,20.23,6.5,13.4,62.8,4.1,7.4
2022-12-15,강릉시,17.24,9.5,-1.7,82.4,7.5,13.6
2022-01-15,동해시,16.91,6.4,-1.5,106.8,5.1,9.2
2022-02-15,동해시,13.57,10.3,4.8,108.5,5.4,9.7
2022-03-15,동해시,18.71,9.3,9.9,76.5,3.5,6.2
2022-04-15,동해시,20.16,5.7,14.0,85.5,6.4,11.6
2022-05-15,동해시,14.85,9.8,7.1,42.5,5.6,10.0
2022-06-15,동해시,27.21,8.7,29.3,78.6,3.5,6.4
2022-07-15,동해시,27.96,5.0,23.2,90.3,4.4,8.0
2022-08-15,동해시,28.58,10.0,22.8,118.8,4.9,8.7
2022-09-15,동해시,19.69,4.1,6.5,80.7,6.3,11.4
2022-10-15,동해시,23.42,6.6,17.2,99.6,4.9,8.7
2022-11-15,동해시,21.78,10.3,6.3,80.5,3.3,6.0
2022-12-15,동해시,13.02,7.2,4.7,131.4,5.3,9.6
2022-01-15,태백시,10.41,7.9,-1.7,46.6,4.1,7.3
2022-02-15,태백시,8.54,7.0,2.0,75.0,5.9,10.6
2022-03-15,태백시,14.36,9.3,15.8,66.4,3.2,5.8
2022-04-15,태백시,15.68,5.3,7.3,45.7,4.3,7.7
2022-05-15,태백시,17.95,10.5,12.8,71.8,3.0,5.4
2022-06-15,태백시,16.24,6.5,22.7,63.3,4.6,8.3
2022-07-15,태백시,22.0,7.6,26.5,0.0,4.1,7.3
2022-08-15,태백시,17.03,9.7,27.4,106.6,3.4,6.2
2022-09-15,태백시,14.26,10.9,5.0,95.6,4.1,7.5
2022-10-15,태백시,13.09,9.8,14.8,162.9,5.0,9.0
2022-11-15,태백시,12.76,9.8,15.2,11.4,3.6,6.4
2022-12-15,태백시,9.97,8.5,-4.8,15.1,4.7,8.5
2022-01-15,속초시,9.89,5.0,-8.8,75.3,8.7,15.6
2022-02-15,속초시,10.82,10.6,-1.4,129.0,8.4,15.1
2022-03-15,속초시,15.82,10.5,11.3,99.9,4.0,7.1
2022-04-15,속초시,20.32,9.1,5.3,70.7,3.8,6.8
2022-05-15,속초시,15.76,4.9,18.7,34.1,7.5,13.5
2022-06-15,속초시,23.05,8.7,26.4,93.8,4.6,8.3
2022-07-15,속초시,28.55,7.4,27.9,77.5,5.6,10.1
2022-08-15,속초시,26.1,9.0,27.6,37.5,4.2,7.5
2022-09-15,속초시,18.64,10.8,15.4,60.6,6.8,12.3
2022-10-15,속초시,14.95,9.1,9.2,171.4,5.9,10.7
2022-11-15,속초시,20.3,10.3,16.1,70.7,5.3,9.6
2022-12-15,속초시,11.02,4.7,-6.2,103.4,5.0,8.9
2022-01-15,삼척시,14.13,7.2,-0.4,58.2,4.1,7.5
2022-02-15,삼척시,11.03,7.6,2.0,39.0,4.7,8.5
2022-03-15,삼척시,24.88,6.0,13.5,50.7,4.5,8.1
2022-04-15,삼척시,16.88,9.6,6.0,34.4,6.5,11.7
2022-05-15,삼척시,24.35,4.4,8.8,85.1,6.2,11.2
2022-06-15,삼척시,25.9,6.8,25.1,111.6,3.3,5.9
2022-07-15,삼척시,25.2,7.9,22.1,101.7,3.1,5.6
2022-08-15,삼척시,24.46,8.3,27.7,58.8,3.9,7.0
2022-09-15,삼척시,25.58,8.9,7.6,98.3,6.0,10.8
2022-10-15,삼척시,25.92,9.0,7.9,53.4,5.9,10.6
2022-11-15,삼척시,19.39,6.2,18.5,37.1,3.4,6.1
2022-12-15,삼척시,10.41,10.6,-8.5,35.6,4.9,8.7
2022-01-15,홍천군,9.29,8.3,-6.5,105.7,3.6,6.5
2022-02-15,홍천군,8.16,6.1,-8.4,137.4,5.1,9.1
2022-03-15,홍천군,13.48,9.3,6.3,38.9,2.5,4.6
2022-04-15,홍천군,12.85,4.7,7.5,140.2,2.8,5.0
2022-05-15,홍천군,15.93,4.0,5.9,126.6,3.8,6.9
2022-06-15,홍천군,22.72,10.1,21.1,111.9,3.3,5.9
2022-07-15,홍천군,19.73,4.1,20.7,135.2,3.1,5.5
2022-08-15,홍천군,18.99,5.1,21.5,80.3,1.9,3.3
2022-09-15,홍천군,17.51,4.0,12.4,59.1,4.1,7.3
2022-10-15,홍천군,17.94,10.1,6.3,45.5,4.0,7.2
2022-11-15,홍천군,12.24,10.2,14.8,149.4,3.6,6.5
2022-12-15,홍천군,9.26,4.8,0.3,84.8,3.9,6.9
2022-01-15,횡성군,15.68,9.0,-1.3,61.2,2.6,4.7
2022-02-15,횡성군,9.14,4.2,2.0,131.6,4.5,8.2
2022-03-15,횡성군,17.4,9.9,19.4,137.2,3.0,5.3
2022-04-15,횡성군,19.06,9.6,5.8,189.3,3.0,5.5
2022-05-15,횡성군,20.8,5.4,17.8,75.7,2.5,4.5
2022-06-15,횡성군,20.2,4.4,25.2,170.1,1.7,3.0
2022-07-15,횡성군,25.42,4.1,23.2,86.1,1.8,3.3
2022-08-15,횡성군,23.95,5.6,20.5,45.5,2.8,5.0
2022-09-15,횡성군,20.3,4.5,17.2,83.9,2.7,4.9
2022-10-15,횡성군,14.89,10.4,18.1,0.0,3.3,5.9
2022-11-15,횡성군,19.99,4.7,6.7,83.7,3.4,6.2
2022-12-15,횡성군,11.28,8.2,-3.6,158.2,4.2,7.6
2022-01-15,영월군,12.53,5.9,-0.7,52.4,3.5,6.4
2022-02-15,영월군,8.26,10.7,2.7,112.0,4.7,8.5
2022-03-15,영월군,12.14,6.7,9.2,58.7,2.3,4.2
2022-04-15,영월군,16.11,10.8,10.6,89.2,3.6,6.5
2022-05-15,영월군,15.2,9.0,8.0,52.6,2.4,4.2
2022-06-15,영월군,20.24,4.9,29.2,212.8,2.4,4.4
2022-07-15,영월군,23.26,6.3,29.9,55.2,2.9,5.2
2022-08-15,영월군,20.94,10.2,26.9,182.4,3.3,6.0
2022-09-15,영월군,17.65,9.6,5.4,72.2,3.8,6.8
2022-10-15,영월군,12.74,7.3,10.3,149.1,2.3,4.2
2022-11-15,영월군,14.82,4.4,18.1,141.3,2.5,4.5
2022-12-15,영월군,10.51,4.3,1.6,0.0,3.8,6.8
2022-01-15,평창군,7.52,8.4,2.6,111.9,4.7,8.5
2022-02-15,평창군,13.43,11.0,4.8,124.7,5.9,10.6
2022-03-15,평창군,12.16,8.5,7.9,100.1,3.9,7.1
2022-04-15,평창군,12.63,7.1,15.0,19.6,4.2,7.5
2022-05-15,평창군,11.67,6.3,14.1,86.8,3.6,6.5
2022-06-15,평창군,18.71,4.0,23.2,67.3,2.5,4.5
2022-07-15,평창군,16.8,4.8,27.8,50.1,3.7,6.7
2022-08-15,평창군,21.67,5.1,25.8,63.8,3.9,7.1
2022-09-15,평창군,11.08,7.7,5.1,74.1,3.5,6.4
2022-10-15,평창군,11.45,8.3,6.5,56.1,5.1,9.3
2022-11-15,평창군,17.61,4.1,19.8,52.1,3.7,6.7
2022-12-15,평창군,12.46,4.4,-7.3,85.5,3.3,6.0
2022-01-15,정선군,7.41,10.4,4.3,52.2,4.2,7.5
2022-02-15,정선군,10.09,8.7,0.6,106.3,3.5,6.3
2022-03-15,정선군,12.99,5.5,19.1,52.1,4.1,7.4
2022-04-15,정선군,13.05,7.2,18.7,34.2,3.7,6.7
2022-05-15,정선군,14.78,8.2,8.5,113.1,2.8,5.0
2022-06-15,정선군,20.65,4.9,30.0,70.5,2.2,4.0
2022-07-15,정선군,17.43,4.7,29.0,102.5,3.5,6.4
2022-08-15,정선군,19.42,9.4,28.9,112.5,3.0,5.4
2022-09-15,정선군,14.57,5.1,7.8,50.4,4.8,8.6
2022-10-15,정선군,16.19,5.7,14.3,0.0,3.2,5.7
2022-11-15,정선군,16.48,5.0,16.6,20.4,4.2,7.6
2022-12-15,정선군,13.46,9.8,-6.7,74.7,4.8,8.6
2022-01-15,철원군,9.76,4.9,-4.4,151.1,5.6,10.1
2022-02-15,철원군,14.83,8.1,-9.0,121.1,4.4,8.0
2022-03-15,철원군,16.78,8.7,10.5,116.5,4.8,8.6
2022-04-15,철원군,17.8,6.3,9.0,45.0,4.8,8.7
2022-05-15,철원군,20.99,4.1,6.5,56.0,3.1,5.6
2022-06-15,철원군,22.44,10.9,29.4,88.4,3.1,5.6
2022-07-15,철원군,25.05,7.6,25.9,66.7,2.6,4.7
2022-08-15,철원군,23.99,7.9,29.7,55.8,3.1,5.5
2022-09-15,철원군,14.96,4.0,9.5,69.8,5.5,9.9
2022-10-15,철원군,19.31,6.2,18.4,187.5,3.9,7.0
2022-11-15,철원군,19.3,10.9,9.3,70.3,5.6,10.0
2022-12-15,철원군,9.13,9.9,-0.6,127.0,5.3,9.6
2022-01-15,화천군,13.09,10.3,1.8,148.6,5.6,10.1
2022-02-15,화천군,11.76,6.1,4.3,66.2,4.1,7.4
2022-03-15,화천군,13.9,10.0,14.0,63.1,4.9,8.9
2022-04-15,화천군,11.3,9.5,11.3,60.9,4.8,8.6
2022-05-15,화천군,16.48,8.8,18.8,90.8,3.7,6.7
2022-06-15,화천군,19.07,4.6,23.9,103.3,2.1,3.9
2022-07-15,화천군,19.89,6.3,20.2,87.1,2.7,4.9
2022-08-15,화천군,21.77,10.5,27.1,138.1,2.4,4.4
2022-09-15,화천군,16.57,6.4,8.7,16.7,3.1,5.5
2022-10-15,화천군,13.63,5.9,19.5,124.8,3.6,6.5
2022-11-15,화천군,16.98,4.7,10.4,154.8,2.8,5.0
2022-12-15,화천군,11.11,7.8,-6.8,78.1,3.1,5.6
2022-01-15,양구군,13.08,4.4,-1.8,47.1,5.7,10.2
2022-02-15,양구군,12.06,9.2,-8.1,101.7,6.1,11.0
2022-03-15,양구군,17.51,6.0,6.7,175.5,3.7,6.6
2022-04-15,양구군,15.49,9.7,19.3,26.4,4.0,7.1
2022-05-15,양구군,16.47,4.5,5.7,38.5,5.0,9.0
2022-06-15,양구군,17.24,8.9,21.0,44.6,3.7,6.6
2022-07-15,양구군,19.98,6.5,27.9,62.1,3.2,5.8
2022-08-15,양구군,22.11,9.6,24.3,72.8,3.8,6.9
2022-09-15,양구군,12.03,5.1,11.8,98.7,5.4,9.7
2022-10-15,양구군,12.84,9.1,17.8,65.5,4.9,8.8
2022-11-15,양구군,13.51,7.3,16.0,54.0,3.2,5.8
2022-12-15,양구군,8.82,10.2,-1.3,46.2,6.3,11.4
2022-01-15,인제군,10.27,9.2,-8.8,140.2,5.1,9.3
2022-02-15,인제군,10.19,5.9,-0.2,120.3,3.7,6.7
2022-03-15,인제군,9.74,7.9,5.6,57.0,4.6,8.3
2022-04-15,인제군,12.6,6.5,18.3,98.2,3.7,6.6
2022-05-15,인제군,14.87,8.2,5.5,162.9,4.2,7.6
2022-06-15,인제군,16.87,5.1,22.5,110.7,3.1,5.5
2022-07-15,인제군,17.62,6.1,23.8,68.1,3.9,7.1
2022-08-15,인제군,16.93,8.3,20.3,108.2,2.1,3.7
2022-09-15,인제군,14.61,10.9,14.9,48.9,2.9,5.1
2022-10-15,인제군,13.22,8.6,19.7,126.2,4.5,8.0
2022-11-15,인제군,15.34,4.8,14.1,98.3,3.1,5.7
2022-12-15,인제군,9.33,8.9,4.2,102.5,6.0,10.8
2022-01-15,고성군,13.05,5.4,-1.9,54.2,7.8,14.0
2022-02-15,고성군,15.21,5.5,-1.2,129.8,5.5,10.0
2022-03-15,고성군,20.28,8.8,13.1,113.7,5.5,10.0
2022-04-15,고성군,14.29,7.4,16.6,39.3,6.5,11.8
2022-05-15,고성군,21.96,7.9,8.5,86.3,5.8,10.5
2022-06-15,고성군,22.58,4.1,20.1,64.0,4.1,7.5
2022-07-15,고성군,19.9,10.9,29.8,28.5,3.4,6.1
2022-08-15,고성군,20.98,5.7,21.7,153.9,4.3,7.7
2022-09-15,고성군,18.52,9.6,17.5,138.8,4.2,7.5
2022-10-15,고성군,14.18,7.8,8.7,88.4,3.9,7.1
2022-11-15,고성군,19.93,6.4,14.9,50.7,5.2,9.4
2022-12-15,고성군,10.19,7.1,-3.6,41.1,6.2,11.1
2022-01-15,양양군,13.21,7.0,3.4,21.1,5.4,9.7
2022-02-15,양양군,17.73,9.5,-4.7,46.4,5.8,10.4
2022-03-15,양양군,22.62,8.9,18.6,74.6,3.8,6.8
2022-04-15,양양군,23.69,7.4,11.2,97.0,4.0,7.1
2022-05-15,양양군,15.94,9.4,14.1,86.8,4.7,8.5
2022-06-15,양양군,25.42,6.9,20.6,34.1,3.3,6.0
2022-07-15,양양군,28.99,7.5,23.9,98.4,3.5,6.2
2022-08-15,양양군,23.03,6.8,28.4,67.6,4.2,7.5
2022-09-15,양양군,20.89,4.4,14.2,80.0,5.3,9.5
2022-10-15,양양군,19.1,6.0,15.1,68.2,4.9,8.9
2022-11-15,양양군,16.64,6.2,11.9,66.3,5.5,9.9
2022-12-15,양양군,14.83,4.6,-4.8,19.6,6.2,11.1
2023-01-15,춘천시,11.2,9.2,0.7,83.6,3.7,6.7
2023-02-15,춘천시,15.81,5.3,1.3,101.3,4.7,8.4
2023-03-15,춘천시,19.05,8.9,13.1,73.1,4.3,7.7
2023-04-15,춘천시,21.37,5.9,20.0,67.6,4.4,7.8
2023-05-15,춘천시,19.37,6.0,15.9,58.6,4.4,7.9
2023-06-15,춘천시,23.69,10.9,29.5,74.8,2.8,5.1
2023-07-15,춘천시,28.29,5.0,29.6,13.3,1.9,3.5
2023-08-15,춘천시,25.82,8.7,23.4,64.6,2.7,4.8
2023-09-15,춘천시,15.39,7.7,12.5,24.3,4.5,8.1
2023-10-15,춘천시,16.8,5.9,14.4,119.4,3.1,5.6
2023-11-15,춘천시,17.11,4.5,18.5,97.7,4.2,7.6
2023-12-15,춘천시,15.58,10.1,-0.0,45.7,2.9,5.3
2023-01-15,원주시,18.99,8.1,2.9,55.0,3.3,5.9
2023-02-15,원주시,16.86,6.8,3.2,50.3,4.5,8.1
2023-03-15,원주시,21.74,10.3,10.4,122.3,2.5,4.5
2023-04-15,원주시,24.23,6.8,6.9,116.5,4.0,7.1
2023-05-15,원주시,20.03,7.2,18.7,99.6,2.2,4.0
2023-06-15,원주시,31.91,7.3,28.4,104.7,2.1,3.8
2023-07-15,원주시,24.06,5.4,22.6,75.4,2.0,3.6
2023-08-15,원주시,31.45,4.9,28.3,97.6,2.1,3.7
2023-09-15,원주시,18.79,7.7,12.3,72.2,2.3,4.1
2023-10-15,원주시,22.21,5.4,18.9,36.8,2.6,4.7
2023-11-15,원주시,19.41,7.4,14.9,77.8,3.2,5.7
2023-12-15,원주시,11.5,5.5,-6.6,97.8,4.7,8.4
2023-01-15,강릉시,16.21,8.8,-5.1,69.3,6.2,11.1
2023-02-15,강릉시,11.21,4.6,-0.0,99.4,5.3,9.5
2023-03-15,강릉시,24.61,10.7,11.3,52.7,3.9,7.0
2023-04-15,강릉시,23.56,10.0,16.5,120.0,4.5,8.2
2023-05-15,강릉시,22.06,9.9,17.8,34.3,3.9,7.0
2023-06-15,강릉시,24.96,4.9,27.2,35.4,5.1,9.2
2023-07-15,강릉시,24.82,9.0,25.0,37.3,5.1,9.2
2023-08-15,강릉시,24.55,8.6,29.0,59.5,5.5,9.9
2023-09-15,강릉시,19.42,4.6,9.8,104.6,3.8,6.8
2023-10-15,강릉시,16.43,5.4,13.4,99.1,5.7,10.3
2023-11-15,강릉시,20.63,5.6,17.6,121.5,6.5,11.8
2023-12-15,강릉시,17.84,6.9,-9.7,28.0,7.4,13.3
2023-01-15,동해시,10.35,7.5,-7.4,33.1,7.5,13.5
2023-02-15,동해시,15.44,9.8,-2.5,67.5,5.5,9.9
2023-03-15,동해시,23.94,7.0,7.7,40.6,5.7,10.2
2023-04-15,동해시,22.92,7.7,7.3,100.9,4.3,7.7
2023-05-15,동해시,21.42,5.2,19.4,0.0,6.5,11.7
2023-06-15,동해시,26.66,5.6,20.5,37.0,4.8,8.6
2023-07-15,동해시,24.92,5.4,25.3,82.7,2.9,5.2
2023-08-15,동해시,27.56,4.0,24.6,39.3,2.8,5.0
2023-09-15,동해시,21.32,7.9,6.8,136.3,5.6,10.1
2023-10-15,동해시,16.04,6.5,11.0,161.8,6.3,11.3
2023-11-15,동해시,21.28,8.9,19.3,26.0,5.7,10.2
2023-12-15,동해시,12.72,5.8,4.0,118.1,4.7,8.5
2023-01-15,태백시,7.36,8.1,-5.9,82.7,4.9,8.9
2023-02-15,태백시,12.08,8.7,-6.0,57.6,4.5,8.0
2023-03-15,태백시,11.7,8.9,18.2,48.7,3.9,7.0
2023-04-15,태백시,15.34,8.5,9.9,117.9,4.8,8.6
2023-05-15,태백시,15.95,5.7,15.7,48.3,5.2,9.3
2023-06-15,태백시,16.6,10.2,25.2,91.4,3.1,5.6
2023-07-15,태백시,18.05,5.2,29.0,77.2,2.8,5.1
2023-08-15,태백시,16.67,6.3,28.6,106.7,4.6,8.3
2023-09-15,태백시,13.13,4.9,13.2,78.4,3.7,6.7
2023-10-15,태백시,16.32,4.6,12.1,0.0,5.1,9.3
2023-11-15,태백시,13.79,4.4,14.1,83.9,5.7,10.2
2023-12-15,태백시,7.76,9.0,3.4,80.4,4.8,8.6
2023-01-15,속초시,11.77,7.0,-1.7,130.3,7.7,13.9
2023-02-15,속초시,16.05,9.6,-2.6,48.7,7.9,14.2
2023-03-15,속초시,23.75,6.9,9.6,122.3,4.0,7.2
2023-04-15,속초시,17.75,6.1,15.7,0.0,4.2,7.6
2023-05-15,속초시,22.32,10.8,6.9,54.1,5.4,9.7
2023-06-15,속초시,27.85,10.1,21.5,33.8,4.6,8.3
2023-07-15,속초시,25.88,10.6,28.8,108.3,4.6,8.3
2023-08-15,속초시,29.8,10.2,24.6,85.8,3.8,6.8
2023-09-15,속초시,21.98,9.9,10.0,125.6,4.4,7.9
2023-10-15,속초시,23.47,4.3,5.1,57.3,5.9,10.6
2023-11-15,속초시,21.24,8.9,13.4,95.4,7.2,12.9
2023-12-15,속초시,11.22,8.7,-5.3,47.7,6.7,12.0
2023-01-15,삼척시,13.07,6.3,-8.0,99.7,6.7,12.1
2023-02-15,삼척시,16.0,7.8,-6.9,131.8,4.3,7.8
2023-03-15,삼척시,24.42,6.6,11.6,58.2,3.9,7.0
2023-04-15,삼척시,22.23,10.6,11.8,127.3,5.8,10.4
2023-05-15,삼척시,25.42,10.8,19.4,50.9,4.4,7.8
2023-06-15,삼척시,30.43,7.8,22.8,53.8,3.8,6.9
2023-07-15,삼척시,25.94,5.1,23.9,101.5,4.2,7.6
2023-08-15,삼척시,29.74,8.8,22.4,73.8,2.7,4.9
2023-09-15,삼척시,21.03,8.6,12.4,25.1,3.9,7.0
2023-10-15,삼척시,21.1,4.5,11.8,104.4,5.2,9.4
2023-11-15,삼척시,22.7,5.3,5.5,77.0,5.1,9.2
2023-12-15,삼척시,18.17,9.6,-8.5,42.3,7.7,13.8
2023-01-15,홍천군,8.88,8.0,2.0,25.3,5.2,9.4
2023-02-15,홍천군,14.42,4.9,-0.6,92.6,3.0,5.3
2023-03-15,홍천군,16.78,4.5,14.8,25.2,3.2,5.7
2023-04-15,홍천군,18.75,6.9,13.5,127.7,2.7,4.9
2023-05-15,홍천군,13.66,10.8,14.9,67.5,4.0,7.1
2023-06-15,홍천군,22.47,5.5,21.5,66.2,3.4,6.1
2023-07-15,홍천군,22.85,8.3,24.3,93.2,2.7,4.9
2023-08-15,홍천군,23.3,10.4,28.1,86.6,2.0,3.6
2023-09-15,홍천군,15.07,4.1,15.0,110.0,3.4,6.2
2023-10-15,홍천군,19.63,9.6,5.9,156.6,4.0,7.2
2023-11-15,홍천군,16.63,5.4,17.9,103.4,2.6,4.7
2023-12-15,홍천군,14.78,10.7,-4.0,41.2,4.9,8.8
2023-01-15,횡성군,10.59,7.5,1.4,55.2,3.8,6.8
2023-02-15,횡성군,15.66,6.4,3.2,92.9,4.5,8.1
2023-03-15,횡성군,21.0,6.6,11.1,108.8,3.1,5.5
2023-04-15,횡성군,21.15,10.3,8.2,90.6,3.3,5.9
2023-05-15,횡성군,19.71,6.6,10.6,71.6,2.7,4.8
2023-06-15,횡성군,21.45,4.4,27.1,35.3,3.1,5.6
2023-07-15,횡성군,24.86,6.2,26.9,99.7,2.4,4.3
2023-08-15,횡성군,21.22,5.0,23.4,35.1,2.3,4.1
2023-09-15,횡성군,17.37,5.7,18.7,100.8,3.8,6.9
2023-10-15,횡성군,18.81,9.6,12.9,130.0,3.4,6.2
2023-11-15,횡성군,16.37,6.1,9.3,108.5,3.8,6.9
2023-12-15,횡성군,10.72,9.2,-4.6,164.3,2.7,4.8
2023-01-15,영월군,12.45,5.8,-3.7,121.7,4.9,8.8
2023-02-15,영월군,14.57,5.6,-9.4,74.1,4.2,7.5
2023-03-15,영월군,12.19,7.0,7.5,29.3,3.9,6.9
2023-04-15,영월군,12.21,10.5,10.7,89.3,2.7,4.8
2023-05-15,영월군,12.17,8.2,15.6,36.2,2.8,5.1
2023-06-15,영월군,22.06,11.0,24.4,142.4,2.8,5.0
2023-07-15,영월군,23.94,6.0,22.3,81.1,2.8,5.1
2023-08-15,영월군,23.71,5.2,25.8,64.2,3.2,5.8
2023-09-15,영월군,12.44,6.5,18.1,98.3,3.4,6.2
2023-10-15,영월군,17.68,4.9,18.3,35.7,4.0,7.1
2023-11-15,영월군,15.18,9.0,16.0,34.6,2.9,5.3
2023-12-15,영월군,10.63,4.4,-0.3,77.6,3.6,6.5
2023-01-15,평창군,13.06,4.7,-1.0,171.1,5.8,10.5
2023-02-15,평창군,9.12,9.4,-8.8,60.4,3.5,6.2
2023-03-15,평창군,12.14,4.4,12.9,44.2,5.1,9.1
2023-04-15,평창군,12.84,9.9,8.2,0.0,4.3,7.7
2023-05-15,평창군,16.86,5.4,9.3,111.2,3.1,5.6
2023-06-15,평창군,19.29,8.5,27.2,108.3,3.3,6.0
2023-07-15,평창군,21.3,4.2,28.3,92.5,3.8,6.8
2023-08-15,평창군,22.26,6.1,21.7,100.4,2.6,4.7
2023-09-15,평창군,16.0,4.2,11.5,154.2,3.5,6.3
2023-10-15,평창군,16.22,6.8,13.4,92.3,5.5,9.9
2023-11-15,평창군,15.83,9.6,17.0,111.6,3.2,5.7
2023-12-15,평창군,9.07,4.9,-5.0,68.3,6.3,11.4
2023-01-15,정선군,8.62,8.3,2.8,74.8,3.2,5.7
2023-02-15,정선군,9.69,7.6,2.1,41.1,5.4,9.8
2023-03-15,정선군,15.62,8.3,6.9,112.5,4.9,8.8
2023-04-15,정선군,15.15,6.6,19.9,108.7,3.9,6.9
2023-05-15,정선군,13.32,10.3,5.6,85.8,5.0,9.0
2023-06-15,정선군,21.18,6.9,28.2,63.2,3.9,7.0
2023-07-15,정선군,21.7,8.3,21.9,128.6,3.0,5.4
2023-08-15,정선군,16.68,5.8,28.3,61.3,3.4,6.2
2023-09-15,정선군,13.13,9.0,18.9,50.7,4.3,7.7
2023-10-15,정선군,14.81,7.5,15.1,75.1,3.1,5.6
2023-11-15,정선군,12.69,7.6,15.8,32.5,3.1,5.7
2023-12-15,정선군,9.28,9.1,-0.7,48.2,5.8,10.4
2023-01-15,철원군,15.26,9.6,-4.0,97.6,4.6,8.3
2023-02-15,철원군,11.26,6.9,3.8,129.7,4.4,7.9
2023-03-15,철원군,21.73,9.0,15.6,106.5,4.0,7.2
2023-04-15,철원군,18.77,9.4,17.0,44.0,3.1,5.6
2023-05-15,철원군,15.34,10.6,11.7,83.6,4.7,8.5
2023-06-15,철원군,20.96,8.0,28.1,79.4,2.6,4.8
2023-07-15,철원군,25.93,7.6,23.3,75.2,3.0,5.3
2023-08-15,철원군,20.54,4.9,29.5,82.7,2.7,4.9
2023-09-15,철원군,20.6,9.1,15.8,97.1,3.7,6.6
2023-10-15,철원군,20.21,4.7,18.9,56.2,4.1,7.3
2023-11-15,철원군,20.6,7.4,7.5,71.0,3.7,6.7
2023-12-15,철원군,11.15,8.1,-2.1,130.0,6.5,11.8
2023-01-15,화천군,8.5,6.9,0.9,84.6,5.0,9.0
2023-02-15,화천군,13.23,5.1,1.6,5.7,5.1,9.1
2023-03-15,화천군,12.96,5.0,5.3,113.1,2.5,4.6
2023-04-15,화천군,15.8,6.2,6.8,87.4,3.0,5.3
2023-05-15,화천군,14.65,4.2,14.6,84.7,3.9,7.1
2023-06-15,화천군,20.21,6.6,28.4,93.6,2.9,5.2
2023-07-15,화천군,19.92,10.1,25.2,90.5,3.1,5.5
2023-08-15,화천군,20.02,8.2,25.0,149.7,2.7,4.9
2023-09-15,화천군,16.95,5.6,12.2,152.6,4.8,8.7
2023-10-15,화천군,10.98,4.4,19.5,85.1,4.0,7.3
2023-11-15,화천군,18.0,10.5,9.8,164.8,4.0,7.1
2023-12-15,화천군,12.91,6.6,2.1,5.5,5.9,10.6
2023-01-15,양구군,12.91,5.4,-7.9,129.2,4.9,8.9
2023-02-15,양구군,12.78,7.6,-2.7,89.0,6.4,11.6
2023-03-15,양구군,14.2,7.5,14.1,72.8,3.1,5.5
2023-04-15,양구군,13.53,6.2,14.4,67.6,4.5,8.1
2023-05-15,양구군,17.35,7.4,7.2,43.1,3.6,6.4
2023-06-15,양구군,20.27,6.4,21.4,134.0,2.8,5.1
2023-07-15,양구군,18.5,5.3,27.6,110.6,3.7,6.7
2023-08-15,양구군,17.67,6.2,26.6,90.9,2.7,4.8
2023-09-15,양구군,17.65,4.1,8.8,44.9,4.9,8.8
2023-10-15,양구군,11.58,5.7,5.4,82.9,5.0,9.0
2023-11-15,양구군,12.57,7.0,16.6,75.3,4.6,8.3
2023-12-15,양구군,10.21,10.7,-4.7,81.5,3.8,6.8
2023-01-15,인제군,7.04,5.6,-0.7,19.3,5.3,9.5
2023-02-15,인제군,9.68,6.8,-8.8,91.9,5.1,9.2
2023-03-15,인제군,15.19,6.8,5.0,69.2,2.6,4.6
2023-04-15,인제군,11.25,4.2,10.8,75.7,3.7,6.6
2023-05-15,인제군,15.75,4.3,6.9,76.6,2.8,5.0
2023-06-15,인제군,16.74,6.9,21.6,53.0,3.8,6.8
2023-07-15,인제군,15.33,9.5,26.6,50.3,3.0,5.4
2023-08-15,인제군,18.37,5.2,29.4,31.2,3.8,6.8
2023-09-15,인제군,13.67,7.8,19.5,121.4,4.5,8.1
2023-10-15,인제군,15.26,9.2,19.5,8.7,3.9,7.0
2023-11-15,인제군,10.17,9.6,7.0,107.0,4.3,7.7
2023-12-15,인제군,9.37,10.0,-0.8,36.0,4.6,8.3
2023-01-15,고성군,13.77,4.1,3.5,46.3,6.1,11.0
2023-02-15,고성군,9.76,6.3,-8.4,90.8,6.7,12.0
2023-03-15,고성군,19.38,5.3,10.4,50.4,4.1,7.4
2023-04-15,고성군,15.56,4.6,14.6,46.4,5.9,10.6
2023-05-15,고성군,21.64,5.2,14.1,72.7,5.1,9.3
2023-06-15,고성군,22.6,7.3,27.3,85.5,4.6,8.2
2023-07-15,고성군,21.48,8.5,21.0,137.2,3.4,6.1
2023-08-15,고성군,26.12,7.0,28.0,0.0,3.8,6.8
2023-09-15,고성군,18.29,4.8,9.1,24.9,6.8,12.3
2023-10-15,고성군,19.22,10.3,9.5,114.4,6.5,11.8
2023-11-15,고성군,17.86,8.0,18.3,121.1,4.0,7.2
2023-12-15,고성군,12.8,7.0,-3.6,19.8,4.4,8.0
2023-01-15,양양군,12.16,4.5,4.4,98.6,5.3,9.5
2023-02-15,양양군,15.97,8.4,4.0,38.1,4.0,7.2
2023-03-15,양양군,15.83,7.1,17.8,17.1,5.8,10.4
2023-04-15,양양군,19.6,6.6,10.1,82.9,4.8,8.7
2023-05-15,양양군,17.14,4.9,8.4,72.3,5.8,10.5
2023-06-15,양양군,22.6,7.4,27.6,8.4,4.0,7.1
2023-07-15,양양군,24.39,8.2,26.9,75.5,3.0,5.3
2023-08-15,양양군,28.19,6.8,26.4,80.9,4.1,7.3
2023-09-15,양양군,22.13,5.6,17.2,123.9,3.9,7.1
2023-10-15,양양군,22.06,4.5,16.5,127.8,4.9,8.9
2023-11-15,양양군,23.51,10.6,15.3,66.5,3.7,6.7
2023-12-15,양양군,11.38,10.0,1.3,86.2,6.3,11.3
